date,ticker,close
2025-09-15,FBCG,53.2800
2025-09-15,FBND,46.6000
2025-09-15,FCOM,72.3000
2025-09-15,FDIS,103.6000
2025-09-15,FDLO,65.7300
2025-09-15,FDVV,55.5200
2025-09-15,FENY,24.4400
2025-09-15,FHLC,65.6000
2025-09-15,FIDU,80.8200
2025-09-15,FIGB,43.8400
2025-09-15,FIVA,31.3400
2025-09-15,FMAT,53.0500
2025-09-15,FNCL,76.4100
2025-09-15,FQAL,74.2000
2025-09-15,FREL,28.1400
2025-09-15,FSTA,50.6800
2025-09-15,FTEC,216.0900
2025-09-15,FUTY,55.3900
2025-09-15,FVAL,68.6800
2025-09-15,ONEQ,88.0000
2025-09-16,FBCG,53.2500
2025-09-16,FBND,46.6300
2025-09-16,FCOM,72.3100
2025-09-16,FDIS,104.1100
2025-09-16,FDLO,65.6200
2025-09-16,FDVV,55.4600
2025-09-16,FENY,24.8600
2025-09-16,FHLC,65.6200
2025-09-16,FIDU,80.6800
2025-09-16,FIGB,43.8600
2025-09-16,FIVA,31.4100
2025-09-16,FMAT,52.7200
2025-09-16,FNCL,76.2500
2025-09-16,FQAL,74.0300
2025-09-16,FREL,27.9700
2025-09-16,FSTA,50.8400
2025-09-16,FTEC,215.4300
2025-09-16,FUTY,54.4300
2025-09-16,FVAL,68.5300
2025-09-16,ONEQ,88.0000
2025-09-17,FBCG,53.0500
2025-09-17,FBND,46.5400
2025-09-17,FCOM,72.4500
2025-09-17,FDIS,104.0400
2025-09-17,FDLO,65.7700
2025-09-17,FDVV,55.5700
2025-09-17,FENY,24.9000
2025-09-17,FHLC,65.7700
2025-09-17,FIDU,80.2500
2025-09-17,FIGB,43.7600
2025-09-17,FIVA,31.2600
2025-09-17,FMAT,52.7800
2025-09-17,FNCL,76.9800
2025-09-17,FQAL,74.0000
2025-09-17,FREL,27.9500
2025-09-17,FSTA,51.1700
2025-09-17,FTEC,214.6700
2025-09-17,FUTY,54.5900
2025-09-17,FVAL,68.6140
2025-09-17,ONEQ,87.6500
2025-09-18,FBCG,53.5100
2025-09-18,FBND,46.4200
2025-09-18,FCOM,72.5900
2025-09-18,FDIS,103.7900
2025-09-18,FDLO,65.6700
2025-09-18,FDVV,55.5800
2025-09-18,FENY,24.8500
2025-09-18,FHLC,66.1200
2025-09-18,FIDU,81.3300
2025-09-18,FIGB,43.6300
2025-09-18,FIVA,31.4300
2025-09-18,FMAT,52.9100
2025-09-18,FNCL,77.2300
2025-09-18,FQAL,74.2100
2025-09-18,FREL,28.0200
2025-09-18,FSTA,50.7500
2025-09-18,FTEC,218.5100
2025-09-18,FUTY,54.6600
2025-09-18,FVAL,68.9900
2025-09-18,ONEQ,88.5300
2025-09-19,FBCG,53.8300
2025-09-19,FBND,46.4000
2025-09-19,FCOM,72.5900
2025-09-19,FDIS,103.7500
2025-09-19,FDLO,65.7200
2025-09-19,FDVV,55.3100
2025-09-19,FENY,24.3100
2025-09-19,FHLC,65.6700
2025-09-19,FIDU,81.0300
2025-09-19,FIGB,43.6550
2025-09-19,FIVA,31.2300
2025-09-19,FMAT,52.7600
2025-09-19,FNCL,76.9800
2025-09-19,FQAL,74.4510
2025-09-19,FREL,27.6200
2025-09-19,FSTA,50.2000
2025-09-19,FTEC,220.2500
2025-09-19,FUTY,54.7600
2025-09-19,FVAL,68.8720
2025-09-19,ONEQ,88.8500
2025-09-22,FBCG,54.2400
2025-09-22,FBND,46.3500
2025-09-22,FCOM,72.2100
2025-09-22,FDIS,103.4800
2025-09-22,FDLO,65.7800
2025-09-22,FDVV,55.5100
2025-09-22,FENY,24.3100
2025-09-22,FHLC,65.7200
2025-09-22,FIDU,81.5000
2025-09-22,FIGB,43.5450
2025-09-22,FIVA,31.4400
2025-09-22,FMAT,52.7300
2025-09-22,FNCL,76.8700
2025-09-22,FQAL,74.6900
2025-09-22,FREL,27.5800
2025-09-22,FSTA,49.7400
2025-09-22,FTEC,223.8500
2025-09-22,FUTY,55.2600
2025-09-22,FVAL,69.1800
2025-09-22,ONEQ,89.6300
2025-09-23,FBCG,53.6200
2025-09-23,FBND,46.4400
2025-09-23,FCOM,71.9100
2025-09-23,FDIS,102.5400
2025-09-23,FDLO,65.6200
2025-09-23,FDVV,55.5600
2025-09-23,FENY,24.7400
2025-09-23,FHLC,65.7800
2025-09-23,FIDU,81.3700
2025-09-23,FIGB,43.6900
2025-09-23,FIVA,31.3400
2025-09-23,FMAT,52.5100
2025-09-23,FNCL,76.5300
2025-09-23,FQAL,74.3600
2025-09-23,FREL,27.7600
2025-09-23,FSTA,49.8700
2025-09-23,FTEC,221.6400
2025-09-23,FUTY,55.5600
2025-09-23,FVAL,68.7200
2025-09-23,ONEQ,88.7900
2025-09-24,FBCG,53.2700
2025-09-24,FBND,46.3700
2025-09-24,FCOM,71.3300
2025-09-24,FDIS,103.1400
2025-09-24,FDLO,65.4700
2025-09-24,FDVV,55.4100
2025-09-24,FENY,25.0500
2025-09-24,FHLC,65.5200
2025-09-24,FIDU,80.8100
2025-09-24,FIGB,43.5800
2025-09-24,FIVA,31.1200
2025-09-24,FMAT,51.7500
2025-09-24,FNCL,76.2400
2025-09-24,FQAL,74.1190
2025-09-24,FREL,27.5000
2025-09-24,FSTA,49.9100
2025-09-24,FTEC,219.9300
2025-09-24,FUTY,55.8800
2025-09-24,FVAL,68.6500
2025-09-24,ONEQ,88.4900
2025-09-25,FBCG,52.9100
2025-09-25,FBND,46.3100
2025-09-25,FCOM,70.9500
2025-09-25,FDIS,101.6800
2025-09-25,FDLO,65.2400
2025-09-25,FDVV,55.3200
2025-09-25,FENY,25.2300
2025-09-25,FHLC,64.4600
2025-09-25,FIDU,80.2800
2025-09-25,FIGB,43.5500
2025-09-25,FIVA,31.0100
2025-09-25,FMAT,51.2300
2025-09-25,FNCL,75.9700
2025-09-25,FQAL,73.8400
2025-09-25,FREL,27.4200
2025-09-25,FSTA,49.5700
2025-09-25,FTEC,219.3100
2025-09-25,FUTY,55.3200
2025-09-25,FVAL,68.1700
2025-09-25,ONEQ,88.0400
2025-09-26,FBCG,53.1700
2025-09-26,FBND,46.2800
2025-09-26,FCOM,71.3000
2025-09-26,FDIS,103.1400
2025-09-26,FDLO,65.6100
2025-09-26,FDVV,55.6300
2025-09-26,FENY,25.4600
2025-09-26,FHLC,65.2100
2025-09-26,FIDU,81.0200
2025-09-26,FIGB,43.5700
2025-09-26,FIVA,31.1600
2025-09-26,FMAT,51.8400
2025-09-26,FNCL,76.5200
2025-09-26,FQAL,74.2800
2025-09-26,FREL,27.6800
2025-09-26,FSTA,49.6100
2025-09-26,FTEC,219.9500
2025-09-26,FUTY,56.1200
2025-09-26,FVAL,68.6900
2025-09-26,ONEQ,88.4100
2025-09-29,FBCG,53.4900
2025-09-29,FBND,46.2600
2025-09-29,FCOM,71.3600
2025-09-29,FDIS,103.6300
2025-09-29,FDLO,65.5700
2025-09-29,FDVV,55.5300
2025-09-29,FENY,24.9800
2025-09-29,FHLC,65.4300
2025-09-29,FIDU,81.1700
2025-09-29,FIGB,43.4400
2025-09-29,FIVA,31.2000
2025-09-29,FMAT,51.9900
2025-09-29,FNCL,76.7300
2025-09-29,FQAL,74.3100
2025-09-29,FREL,27.6900
2025-09-29,FSTA,49.6600
2025-09-29,FTEC,221.1600
2025-09-29,FUTY,56.3400
2025-09-29,FVAL,68.6910
2025-09-29,ONEQ,88.8700
2025-09-30,FBCG,53.6600
2025-09-30,FBND,46.2400
2025-09-30,FCOM,70.9700
2025-09-30,FDIS,102.8700
2025-09-30,FDLO,65.8700
2025-09-30,FDVV,55.7100
2025-09-30,FENY,24.7200
2025-09-30,FHLC,66.8700
2025-09-30,FIDU,81.9400
2025-09-30,FIGB,43.5000
2025-09-30,FIVA,31.2800
2025-09-30,FMAT,52.4300
2025-09-30,FNCL,76.3400
2025-09-30,FQAL,74.7200
2025-09-30,FREL,27.8100
2025-09-30,FSTA,49.8400
2025-09-30,FTEC,222.1700
2025-09-30,FUTY,56.4700
2025-09-30,FVAL,68.8700
2025-09-30,ONEQ,89.1300
2025-10-01,FBCG,53.7100
2025-10-01,FBND,46.3400
2025-10-01,FCOM,70.3000
2025-10-01,FDIS,103.4100
2025-10-01,FDLO,65.9300
2025-10-01,FDVV,56.0200
2025-10-01,FENY,24.7800
2025-10-01,FHLC,68.6900
2025-10-01,FIDU,81.9200
2025-10-01,FIGB,43.6200
2025-10-01,FIVA,31.6300
2025-10-01,FMAT,52.0400
2025-10-01,FNCL,75.6400
2025-10-01,FQAL,74.9900
2025-10-01,FREL,27.8300
2025-10-01,FSTA,49.7300
2025-10-01,FTEC,223.9400
2025-10-01,FUTY,56.9100
2025-10-01,FVAL,69.2500
2025-10-01,ONEQ,89.5200
2025-10-02,FBCG,53.9400
2025-10-02,FBND,46.4100
2025-10-02,FCOM,70.4200
2025-10-02,FDIS,102.8100
2025-10-02,FDLO,65.9300
2025-10-02,FDVV,55.7300
2025-10-02,FENY,24.5000
2025-10-02,FHLC,68.6400
2025-10-02,FIDU,82.1600
2025-10-02,FIGB,43.6000
2025-10-02,FIVA,31.5800
2025-10-02,FMAT,52.5100
2025-10-02,FNCL,75.6100
2025-10-02,FQAL,75.0730
2025-10-02,FREL,27.6800
2025-10-02,FSTA,49.5900
2025-10-02,FTEC,225.6500
2025-10-02,FUTY,56.8800
2025-10-02,FVAL,69.2500
2025-10-02,ONEQ,89.7900
2025-10-03,FBCG,53.6950
2025-10-03,FBND,46.3300
2025-10-03,FCOM,70.1800
2025-10-03,FDIS,102.2200
2025-10-03,FDLO,65.9900
2025-10-03,FDVV,56.0000
2025-10-03,FENY,24.6700
2025-10-03,FHLC,69.4000
2025-10-03,FIDU,82.3700
2025-10-03,FIGB,43.5950
2025-10-03,FIVA,31.8700
2025-10-03,FMAT,52.5900
2025-10-03,FNCL,76.2000
2025-10-03,FQAL,75.0400
2025-10-03,FREL,27.8000
2025-10-03,FSTA,49.6400
2025-10-03,FTEC,224.9900
2025-10-03,FUTY,57.4700
2025-10-03,FVAL,69.4900
2025-10-03,ONEQ,89.6800
2025-10-06,FBCG,53.8000
2025-10-06,FBND,46.2200
2025-10-06,FCOM,70.4800
2025-10-06,FDIS,102.7200
2025-10-06,FDLO,66.0400
2025-10-06,FDVV,55.8500
2025-10-06,FENY,24.8000
2025-10-06,FHLC,69.1100
2025-10-06,FIDU,82.7000
2025-10-06,FIGB,43.4600
2025-10-06,FIVA,31.9300
2025-10-06,FMAT,52.6000
2025-10-06,FNCL,76.1400
2025-10-06,FQAL,75.1400
2025-10-06,FREL,27.5200
2025-10-06,FSTA,49.2700
2025-10-06,FTEC,226.9800
2025-10-06,FUTY,58.0500
2025-10-06,FVAL,69.6890
2025-10-06,ONEQ,90.1300
2025-10-07,FBCG,53.5200
2025-10-07,FBND,46.3200
2025-10-07,FCOM,69.9900
2025-10-07,FDIS,100.9400
2025-10-07,FDLO,66.0900
2025-10-07,FDVV,55.8000
2025-10-07,FENY,24.8300
2025-10-07,FHLC,69.1600
2025-10-07,FIDU,82.2400
2025-10-07,FIGB,43.5750
2025-10-07,FIVA,31.6300
2025-10-07,FMAT,52.2900
2025-10-07,FNCL,76.2400
2025-10-07,FQAL,74.7300
2025-10-07,FREL,27.4100
2025-10-07,FSTA,49.6800
2025-10-07,FTEC,224.7600
2025-10-07,FUTY,58.2800
2025-10-07,FVAL,69.2700
2025-10-07,ONEQ,89.5700
2025-10-08,FBCG,54.2600
2025-10-08,FBND,46.3200
2025-10-08,FCOM,70.0000
2025-10-08,FDIS,101.4200
2025-10-08,FDLO,66.2000
2025-10-08,FDVV,55.9200
2025-10-08,FENY,24.7400
2025-10-08,FHLC,69.3400
2025-10-08,FIDU,83.0600
2025-10-08,FIGB,43.5880
2025-10-08,FIVA,31.7330
2025-10-08,FMAT,52.7400
2025-10-08,FNCL,75.8700
2025-10-08,FQAL,75.0200
2025-10-08,FREL,27.2800
2025-10-08,FSTA,49.4600
2025-10-08,FTEC,228.7800
2025-10-08,FUTY,58.7100
2025-10-08,FVAL,69.4700
2025-10-08,ONEQ,90.6100
2025-10-09,FBCG,54.2350
2025-10-09,FBND,46.2700
2025-10-09,FCOM,69.8400
2025-10-09,FDIS,100.9200
2025-10-09,FDLO,65.7700
2025-10-09,FDVV,55.6600
2025-10-09,FENY,24.3700
2025-10-09,FHLC,69.2500
2025-10-09,FIDU,81.8400
2025-10-09,FIGB,43.5200
2025-10-09,FIVA,31.5300
2025-10-09,FMAT,51.9200
2025-10-09,FNCL,75.5400
2025-10-09,FQAL,74.6900
2025-10-09,FREL,27.1100
2025-10-09,FSTA,49.6600
2025-10-09,FTEC,228.7200
2025-10-09,FUTY,58.5600
2025-10-09,FVAL,69.2400
2025-10-09,ONEQ,90.4600
2025-10-10,FBCG,52.2700
2025-10-10,FBND,46.4200
2025-10-10,FCOM,68.2500
2025-10-10,FDIS,97.8600
2025-10-10,FDLO,64.5500
2025-10-10,FDVV,54.6600
2025-10-10,FENY,23.6500
2025-10-10,FHLC,68.2200
2025-10-10,FIDU,80.0000
2025-10-10,FIGB,43.6500
2025-10-10,FIVA,30.9300
2025-10-10,FMAT,50.9900
2025-10-10,FNCL,73.8400
2025-10-10,FQAL,73.0000
2025-10-10,FREL,26.8200
2025-10-10,FSTA,49.6600
2025-10-10,FTEC,219.2700
2025-10-10,FUTY,58.3000
2025-10-10,FVAL,67.4100
2025-10-10,ONEQ,87.3300
2025-10-13,FBCG,53.4400
2025-10-13,FBND,46.4900
2025-10-13,FCOM,69.3000
2025-10-13,FDIS,100.1200
2025-10-13,FDLO,65.1100
2025-10-13,FDVV,55.2800
2025-10-13,FENY,24.0300
2025-10-13,FHLC,68.1900
2025-10-13,FIDU,81.0600
2025-10-13,FIGB,43.7850
2025-10-13,FIVA,31.2440
2025-10-13,FMAT,51.9400
2025-10-13,FNCL,74.5600
2025-10-13,FQAL,74.0300
2025-10-13,FREL,26.9500
2025-10-13,FSTA,49.4800
2025-10-13,FTEC,225.1400
2025-10-13,FUTY,58.8100
2025-10-13,FVAL,68.3750
2025-10-13,ONEQ,89.2700
2025-10-14,FBCG,52.8400
2025-10-14,FBND,46.5700
2025-10-14,FCOM,69.7000
2025-10-14,FDIS,100.4300
2025-10-14,FDLO,65.2730
2025-10-14,FDVV,55.4000
2025-10-14,FENY,23.9900
2025-10-14,FHLC,68.3900
2025-10-14,FIDU,81.9800
2025-10-14,FIGB,43.8450
2025-10-14,FIVA,31.4500
2025-10-14,FMAT,52.4400
2025-10-14,FNCL,75.5900
2025-10-14,FQAL,73.9200
2025-10-14,FREL,27.2200
2025-10-14,FSTA,50.3700
2025-10-14,FTEC,222.2500
2025-10-14,FUTY,59.3200
2025-10-14,FVAL,68.5400
2025-10-14,ONEQ,88.4500
2025-10-15,FBCG,53.1800
2025-10-15,FBND,46.5700
2025-10-15,FCOM,70.4700
2025-10-15,FDIS,100.6300
2025-10-15,FDLO,65.3700
2025-10-15,FDVV,55.6600
2025-10-15,FENY,24.0000
2025-10-15,FHLC,68.6300
2025-10-15,FIDU,81.7900
2025-10-15,FIGB,43.8000
2025-10-15,FIVA,31.6100
2025-10-15,FMAT,52.2200
2025-10-15,FNCL,75.4500
2025-10-15,FQAL,73.9860
2025-10-15,FREL,27.6400
2025-10-15,FSTA,50.4800
2025-10-15,FTEC,224.2000
2025-10-15,FUTY,60.0600
2025-10-15,FVAL,68.6700
2025-10-15,ONEQ,89.1700
2025-10-16,FBCG,53.0300
2025-10-16,FBND,46.7600
2025-10-16,FCOM,69.7900
2025-10-16,FDIS,99.5600
2025-10-16,FDLO,64.7200
2025-10-16,FDVV,55.2400
2025-10-16,FENY,23.6900
2025-10-16,FHLC,68.5900
2025-10-16,FIDU,81.1100
2025-10-16,FIGB,43.8900
2025-10-16,FIVA,31.7500
2025-10-16,FMAT,51.8900
2025-10-16,FNCL,73.1000
2025-10-16,FQAL,73.6300
2025-10-16,FREL,27.5300
2025-10-16,FSTA,50.1000
2025-10-16,FTEC,223.7300
2025-10-16,FUTY,59.4600
2025-10-16,FVAL,68.2400
2025-10-16,ONEQ,88.7000
2025-10-17,FBCG,53.1000
2025-10-17,FBND,46.6700
2025-10-17,FCOM,70.1000
2025-10-17,FDIS,100.2800
2025-10-17,FDLO,65.2600
2025-10-17,FDVV,55.5100
2025-10-17,FENY,23.8400
2025-10-17,FHLC,68.9000
2025-10-17,FIDU,81.0900
2025-10-17,FIGB,43.9060
2025-10-17,FIVA,31.6400
2025-10-17,FMAT,51.6400
2025-10-17,FNCL,73.7500
2025-10-17,FQAL,73.9840
2025-10-17,FREL,27.7100
2025-10-17,FSTA,50.7000
2025-10-17,FTEC,223.9300
2025-10-17,FUTY,59.2400
2025-10-17,FVAL,68.7000
2025-10-17,ONEQ,89.2300
2025-10-20,FBCG,53.5900
2025-10-20,FBND,46.7300
2025-10-20,FCOM,70.9800
2025-10-20,FDIS,101.1800
2025-10-20,FDLO,65.8700
2025-10-20,FDVV,55.9900
2025-10-20,FENY,24.1000
2025-10-20,FHLC,69.7100
2025-10-20,FIDU,82.1000
2025-10-20,FIGB,44.0000
2025-10-20,FIVA,31.8700
2025-10-20,FMAT,52.3500
2025-10-20,FNCL,74.6900
2025-10-20,FQAL,74.6520
2025-10-20,FREL,27.9800
2025-10-20,FSTA,50.6800
2025-10-20,FTEC,226.8000
2025-10-20,FUTY,59.2300
2025-10-20,FVAL,69.5790
2025-10-20,ONEQ,90.3600
2025-10-21,FBCG,53.5400
2025-10-21,FBND,46.8100
2025-10-21,FCOM,70.8300
2025-10-21,FDIS,102.4500
2025-10-21,FDLO,65.8300
2025-10-21,FDVV,55.9100
2025-10-21,FENY,24.0200
2025-10-21,FHLC,69.7800
2025-10-21,FIDU,82.7500
2025-10-21,FIGB,44.0900
2025-10-21,FIVA,31.5100
2025-10-21,FMAT,51.8600
2025-10-21,FNCL,74.6800
2025-10-21,FQAL,74.5500
2025-10-21,FREL,27.9000
2025-10-21,FSTA,50.5000
2025-10-21,FTEC,226.7900
2025-10-21,FUTY,58.5300
2025-10-21,FVAL,69.7600
2025-10-21,ONEQ,90.3100
2025-10-22,FBCG,52.9300
2025-10-22,FBND,46.8200
2025-10-22,FCOM,70.2000
2025-10-22,FDIS,101.5300
2025-10-22,FDLO,65.6600
2025-10-22,FDVV,55.8200
2025-10-22,FENY,24.3000
2025-10-22,FHLC,70.0600
2025-10-22,FIDU,81.4200
2025-10-22,FIGB,44.0500
2025-10-22,FIVA,31.5700
2025-10-22,FMAT,51.5700
2025-10-22,FNCL,74.2600
2025-10-22,FQAL,74.1100
2025-10-22,FREL,28.0100
2025-10-22,FSTA,50.7700
2025-10-22,FTEC,223.9900
2025-10-22,FUTY,58.3700
2025-10-22,FVAL,69.3400
2025-10-22,ONEQ,89.4200
2025-10-23,FBCG,53.6000
2025-10-23,FBND,46.7100
2025-10-23,FCOM,70.1900
2025-10-23,FDIS,102.3200
2025-10-23,FDLO,65.7400
2025-10-23,FDVV,55.8600
2025-10-23,FENY,24.7000
2025-10-23,FHLC,70.1500
2025-10-23,FIDU,82.7500
2025-10-23,FIGB,43.9800
2025-10-23,FIVA,31.7000
2025-10-23,FMAT,52.0900
2025-10-23,FNCL,74.4700
2025-10-23,FQAL,74.4600
2025-10-23,FREL,27.9950
2025-10-23,FSTA,50.5100
2025-10-23,FTEC,227.0400
2025-10-23,FUTY,58.3200
2025-10-23,FVAL,69.6400
2025-10-23,ONEQ,90.1500
2025-10-24,FBCG,54.3100
2025-10-24,FBND,46.7600
2025-10-24,FCOM,70.8200
2025-10-24,FDIS,101.9500
2025-10-24,FDLO,65.9700
2025-10-24,FDVV,56.2600
2025-10-24,FENY,24.4700
2025-10-24,FHLC,70.2500
2025-10-24,FIDU,83.0800
2025-10-24,FIGB,44.0100
2025-10-24,FIVA,31.7700
2025-10-24,FMAT,51.9400
2025-10-24,FNCL,75.2500
2025-10-24,FQAL,75.0100
2025-10-24,FREL,28.1000
2025-10-24,FSTA,50.3500
2025-10-24,FTEC,230.6100
2025-10-24,FUTY,59.0900
2025-10-24,FVAL,70.1300
2025-10-24,ONEQ,91.2600
2025-10-27,FBCG,55.3500
2025-10-27,FBND,46.8100
2025-10-27,FCOM,72.0900
2025-10-27,FDIS,103.3600
2025-10-27,FDLO,66.5300
2025-10-27,FDVV,56.6800
2025-10-27,FENY,24.5300
2025-10-27,FHLC,70.5000
2025-10-27,FIDU,83.4600
2025-10-27,FIGB,44.0550
2025-10-27,FIVA,31.9800
2025-10-27,FMAT,51.7400
2025-10-27,FNCL,75.5400
2025-10-27,FQAL,75.9400
2025-10-27,FREL,28.1500
2025-10-27,FSTA,50.2600
2025-10-27,FTEC,234.7900
2025-10-27,FUTY,59.2300
2025-10-27,FVAL,70.9800
2025-10-27,ONEQ,92.9400
2025-10-28,FBCG,55.8700
2025-10-28,FBND,46.8500
2025-10-28,FCOM,71.9000
2025-10-28,FDIS,103.4100
2025-10-28,FDLO,66.4000
2025-10-28,FDVV,56.6500
2025-10-28,FENY,24.2900
2025-10-28,FHLC,70.0100
2025-10-28,FIDU,82.9000
2025-10-28,FIGB,44.0500
2025-10-28,FIVA,32.1200
2025-10-28,FMAT,51.7900
2025-10-28,FNCL,75.0300
2025-10-28,FQAL,76.0300
2025-10-28,FREL,27.5900
2025-10-28,FSTA,49.8800
2025-10-28,FTEC,236.9200
2025-10-28,FUTY,58.2900
2025-10-28,FVAL,71.1300
2025-10-28,ONEQ,93.7500
2025-10-29,FBCG,56.3900
2025-10-29,FBND,46.6100
2025-10-29,FCOM,72.1600
2025-10-29,FDIS,102.3500
2025-10-29,FDLO,66.0500
2025-10-29,FDVV,56.3800
2025-10-29,FENY,24.4700
2025-10-29,FHLC,69.3700
2025-10-29,FIDU,83.1200
2025-10-29,FIGB,43.8300
2025-10-29,FIVA,31.8300
2025-10-29,FMAT,50.8200
2025-10-29,FNCL,73.7600
2025-10-29,FQAL,75.9000
2025-10-29,FREL,26.8800
2025-10-29,FSTA,48.9100
2025-10-29,FTEC,238.7100
2025-10-29,FUTY,58.2000
2025-10-29,FVAL,71.1120
2025-10-29,ONEQ,94.1400
2025-10-30,FBCG,55.1400
2025-10-30,FBND,46.3700
2025-10-30,FCOM,70.4900
2025-10-30,FDIS,100.0700
2025-10-30,FDLO,65.8400
2025-10-30,FDVV,56.0400
2025-10-30,FENY,24.3300
2025-10-30,FHLC,69.5700
2025-10-30,FIDU,82.7300
2025-10-30,FIGB,43.7300
2025-10-30,FIVA,31.7700
2025-10-30,FMAT,50.2700
2025-10-30,FNCL,73.9000
2025-10-30,FQAL,75.4140
2025-10-30,FREL,27.0000
2025-10-30,FSTA,48.7400
2025-10-30,FTEC,235.8000
2025-10-30,FUTY,57.9600
2025-10-30,FVAL,70.6000
2025-10-30,ONEQ,92.7400
2025-10-31,FBCG,55.6700
2025-10-31,FBND,46.3600
2025-10-31,FCOM,70.6500
2025-10-31,FDIS,102.6900
2025-10-31,FDLO,65.8300
2025-10-31,FDVV,55.9900
2025-10-31,FENY,24.4700
2025-10-31,FHLC,69.6300
2025-10-31,FIDU,83.1200
2025-10-31,FIGB,43.6350
2025-10-31,FIVA,31.6900
2025-10-31,FMAT,49.9800
2025-10-31,FNCL,74.1800
2025-10-31,FQAL,75.3000
2025-10-31,FREL,27.0800
2025-10-31,FSTA,48.5900
2025-10-31,FTEC,236.4600
2025-10-31,FUTY,57.5700
2025-10-31,FVAL,70.8520
2025-10-31,ONEQ,93.4200
2025-11-03,FBCG,55.9700
2025-11-03,FBND,46.3200
2025-11-03,FCOM,70.0400
2025-11-03,FDIS,103.6500
2025-11-03,FDLO,65.5200
2025-11-03,FDVV,55.8300
2025-11-03,FENY,24.4900
2025-11-03,FHLC,69.6200
2025-11-03,FIDU,82.7000
2025-11-03,FIGB,43.5500
2025-11-03,FIVA,31.6250
2025-11-03,FMAT,49.5500
2025-11-03,FNCL,73.9100
2025-11-03,FQAL,75.2100
2025-11-03,FREL,27.0400
2025-11-03,FSTA,48.4000
2025-11-03,FTEC,237.2900
2025-11-03,FUTY,57.5800
2025-11-03,FVAL,70.7600
2025-11-03,ONEQ,93.7600
2025-11-04,FBCG,54.7300
2025-11-04,FBND,46.3600
2025-11-04,FCOM,69.1400
2025-11-04,FDIS,101.7800
2025-11-04,FDLO,65.5200
2025-11-04,FDVV,55.4900
2025-11-04,FENY,24.2000
2025-11-04,FHLC,69.8100
2025-11-04,FIDU,81.6700
2025-11-04,FIGB,43.6100
2025-11-04,FIVA,31.2300
2025-11-04,FMAT,49.2000
2025-11-04,FNCL,74.1700
2025-11-04,FQAL,74.5100
2025-11-04,FREL,27.0700
2025-11-04,FSTA,48.6100
2025-11-04,FTEC,230.9700
2025-11-04,FUTY,57.3900
2025-11-04,FVAL,70.0640
2025-11-04,ONEQ,91.9600
2025-11-05,FBCG,54.9400
2025-11-05,FBND,46.2000
2025-11-05,FCOM,69.6800
2025-11-05,FDIS,103.0700
2025-11-05,FDLO,65.6600
2025-11-05,FDVV,55.5800
2025-11-05,FENY,24.2300
2025-11-05,FHLC,70.0800
2025-11-05,FIDU,82.0600
2025-11-05,FIGB,43.4500
2025-11-05,FIVA,31.5600
2025-11-05,FMAT,49.4500
2025-11-05,FNCL,74.4700
2025-11-05,FQAL,74.8200
2025-11-05,FREL,27.1000
2025-11-05,FSTA,48.5500
2025-11-05,FTEC,231.7300
2025-11-05,FUTY,57.4400
2025-11-05,FVAL,70.4000
2025-11-05,ONEQ,92.4400
2025-11-06,FBCG,54.0300
2025-11-06,FBND,46.3800
2025-11-06,FCOM,69.0700
2025-11-06,FDIS,100.5600
2025-11-06,FDLO,65.4100
2025-11-06,FDVV,55.3800
2025-11-06,FENY,24.4300
2025-11-06,FHLC,70.1400
2025-11-06,FIDU,81.3700
2025-11-06,FIGB,43.6550
2025-11-06,FIVA,31.5650
2025-11-06,FMAT,49.2100
2025-11-06,FNCL,74.2000
2025-11-06,FQAL,74.1000
2025-11-06,FREL,26.9500
2025-11-06,FSTA,48.2100
2025-11-06,FTEC,227.3400
2025-11-06,FUTY,57.1600
2025-11-06,FVAL,69.6000
2025-11-06,ONEQ,90.6600
2025-11-07,FBCG,53.8800
2025-11-07,FBND,46.3600
2025-11-07,FCOM,68.9000
2025-11-07,FDIS,100.9300
2025-11-07,FDLO,65.5600
2025-11-07,FDVV,55.6700
2025-11-07,FENY,24.8000
2025-11-07,FHLC,70.2700
2025-11-07,FIDU,81.7800
2025-11-07,FIGB,43.6400
2025-11-07,FIVA,31.6500
2025-11-07,FMAT,49.7800
2025-11-07,FNCL,74.7800
2025-11-07,FQAL,74.2110
2025-11-07,FREL,27.4000
2025-11-07,FSTA,48.7500
2025-11-07,FTEC,226.9300
2025-11-07,FUTY,57.9700
2025-11-07,FVAL,69.9100
2025-11-07,ONEQ,90.4500
2025-11-10,FBCG,55.4000
2025-11-10,FBND,46.3400
2025-11-10,FCOM,70.0900
2025-11-10,FDIS,102.1800
2025-11-10,FDLO,66.1900
2025-11-10,FDVV,56.1100
2025-11-10,FENY,25.0300
2025-11-10,FHLC,70.8200
2025-11-10,FIDU,82.3400
2025-11-10,FIGB,43.5800
2025-11-10,FIVA,32.0450
2025-11-10,FMAT,50.3800
2025-11-10,FNCL,75.0600
2025-11-10,FQAL,75.2400
2025-11-10,FREL,27.3900
2025-11-10,FSTA,48.6100
2025-11-10,FTEC,232.6600
2025-11-10,FUTY,57.9500
2025-11-10,FVAL,70.8000
2025-11-10,ONEQ,92.6300
2025-11-11,FBCG,55.0000
2025-11-11,FBND,46.4700
2025-11-11,FCOM,70.4200
2025-11-11,FDIS,102.4100
2025-11-11,FDLO,66.6900
2025-11-11,FDVV,56.4500
2025-11-11,FENY,25.3500
2025-11-11,FHLC,72.4200
2025-11-11,FIDU,82.2300
2025-11-11,FIGB,43.7500
2025-11-11,FIVA,32.3300
2025-11-11,FMAT,50.7100
2025-11-11,FNCL,75.3700
2025-11-11,FQAL,75.4950
2025-11-11,FREL,27.6900
2025-11-11,FSTA,49.1600
2025-11-11,FTEC,230.4900
2025-11-11,FUTY,57.9800
2025-11-11,FVAL,71.0000
2025-11-11,ONEQ,92.3600
2025-11-12,FBCG,54.9850
2025-11-12,FBND,46.4700
2025-11-12,FCOM,69.7600
2025-11-12,FDIS,101.7400
2025-11-12,FDLO,66.6600
2025-11-12,FDVV,56.6100
2025-11-12,FENY,24.9900
2025-11-12,FHLC,73.2700
2025-11-12,FIDU,82.2600
2025-11-12,FIGB,43.7200
2025-11-12,FIVA,32.7100
2025-11-12,FMAT,51.1300
2025-11-12,FNCL,76.0500
2025-11-12,FQAL,75.4600
2025-11-12,FREL,27.4800
2025-11-12,FSTA,49.1300
2025-11-12,FTEC,230.7300
2025-11-12,FUTY,58.0800
2025-11-12,FVAL,71.3600
2025-11-12,ONEQ,92.0900
2025-11-13,FBCG,53.5600
2025-11-13,FBND,46.3300
2025-11-13,FCOM,68.5800
2025-11-13,FDIS,99.1000
2025-11-13,FDLO,66.1800
2025-11-13,FDVV,56.0100
2025-11-13,FENY,25.0200
2025-11-13,FHLC,73.0800
2025-11-13,FIDU,80.6500
2025-11-13,FIGB,43.5400
2025-11-13,FIVA,32.4500
2025-11-13,FMAT,50.7100
2025-11-13,FNCL,74.9500
2025-11-13,FQAL,74.4500
2025-11-13,FREL,27.1500
2025-11-13,FSTA,49.1400
2025-11-13,FTEC,224.3300
2025-11-13,FUTY,57.3100
2025-11-13,FVAL,70.4300
2025-11-13,ONEQ,89.9500
2025-11-14,FBCG,53.5200
2025-11-14,FBND,46.2500
2025-11-14,FCOM,68.1500
2025-11-14,FDIS,98.5100
2025-11-14,FDLO,66.1000
2025-11-14,FDVV,56.0800
2025-11-14,FENY,25.4300
2025-11-14,FHLC,72.7700
2025-11-14,FIDU,80.7400
2025-11-14,FIGB,43.5250
2025-11-14,FIVA,32.3900
2025-11-14,FMAT,50.1100
2025-11-14,FNCL,74.2600
2025-11-14,FQAL,74.4400
2025-11-14,FREL,27.2200
2025-11-14,FSTA,49.1100
2025-11-14,FTEC,225.4300
2025-11-14,FUTY,57.3600
2025-11-14,FVAL,70.2640
2025-11-14,ONEQ,90.0500
2025-11-17,FBCG,52.9800
2025-11-17,FBND,46.2700
2025-11-17,FCOM,68.2600
2025-11-17,FDIS,97.5000
2025-11-17,FDLO,65.7000
2025-11-17,FDVV,55.5000
2025-11-17,FENY,24.9700
2025-11-17,FHLC,72.7500
2025-11-17,FIDU,79.8200
2025-11-17,FIGB,43.5400
2025-11-17,FIVA,31.9700
2025-11-17,FMAT,49.3300
2025-11-17,FNCL,72.7600
2025-11-17,FQAL,73.7000
2025-11-17,FREL,26.9800
2025-11-17,FSTA,48.7600
2025-11-17,FTEC,221.6300
2025-11-17,FUTY,57.7900
2025-11-17,FVAL,69.4500
2025-11-17,ONEQ,89.3700
2025-11-18,FBCG,52.2500
2025-11-18,FBND,46.3100
2025-11-18,FCOM,68.4400
2025-11-18,FDIS,95.8900
2025-11-18,FDLO,65.3800
2025-11-18,FDVV,55.3200
2025-11-18,FENY,25.1700
2025-11-18,FHLC,73.1500
2025-11-18,FIDU,79.4400
2025-11-18,FIGB,43.5500
2025-11-18,FIVA,31.6390
2025-11-18,FMAT,49.3500
2025-11-18,FNCL,72.6400
2025-11-18,FQAL,73.4080
2025-11-18,FREL,27.0700
2025-11-18,FSTA,48.8200
2025-11-18,FTEC,218.3900
2025-11-18,FUTY,57.5800
2025-11-18,FVAL,69.0100
2025-11-18,ONEQ,88.2200
2025-11-19,FBCG,52.8100
2025-11-19,FBND,46.2900
2025-11-19,FCOM,68.3900
2025-11-19,FDIS,95.8600
2025-11-19,FDLO,65.4300
2025-11-19,FDVV,55.3400
2025-11-19,FENY,24.8900
2025-11-19,FHLC,73.0400
2025-11-19,FIDU,79.8500
2025-11-19,FIGB,43.5700
2025-11-19,FIVA,31.5850
2025-11-19,FMAT,49.5400
2025-11-19,FNCL,72.9600
2025-11-19,FQAL,73.6900
2025-11-19,FREL,26.8600
2025-11-19,FSTA,48.5100
2025-11-19,FTEC,219.8500
2025-11-19,FUTY,57.1700
2025-11-19,FVAL,69.0400
2025-11-19,ONEQ,88.7900
2025-11-20,FBCG,51.5750
2025-11-20,FBND,46.3500
2025-11-20,FCOM,67.5000
2025-11-20,FDIS,94.2700
2025-11-20,FDLO,65.0200
2025-11-20,FDVV,54.8300
2025-11-20,FENY,24.5800
2025-11-20,FHLC,72.5900
2025-11-20,FIDU,78.2700
2025-11-20,FIGB,43.6400
2025-11-20,FIVA,31.1200
2025-11-20,FMAT,48.7800
2025-11-20,FNCL,72.3300
2025-11-20,FQAL,72.5600
2025-11-20,FREL,26.7700
2025-11-20,FSTA,48.9400
2025-11-20,FTEC,213.4300
2025-11-20,FUTY,56.8500
2025-11-20,FVAL,68.0210
2025-11-20,ONEQ,86.9400
2025-11-21,FBCG,51.8900
2025-11-21,FBND,46.4600
2025-11-21,FCOM,68.7500
2025-11-21,FDIS,96.3500
2025-11-21,FDLO,65.6300
2025-11-21,FDVV,55.3400
2025-11-21,FENY,24.7300
2025-11-21,FHLC,74.1200
2025-11-21,FIDU,79.3700
2025-11-21,FIGB,43.7400
2025-11-21,FIVA,31.6150
2025-11-21,FMAT,49.8100
2025-11-21,FNCL,73.2800
2025-11-21,FQAL,73.6000
2025-11-21,FREL,27.2000
2025-11-21,FSTA,49.4000
2025-11-21,FTEC,214.3200
2025-11-21,FUTY,56.9500
2025-11-21,FVAL,69.1000
2025-11-21,ONEQ,87.7400
2025-11-24,FBCG,53.3850
2025-11-24,FBND,46.5400
2025-11-24,FCOM,70.4100
2025-11-24,FDIS,97.7100
2025-11-24,FDLO,66.3500
2025-11-24,FDVV,55.7500
2025-11-24,FENY,24.7000
2025-11-24,FHLC,74.6900
2025-11-24,FIDU,79.8700
2025-11-24,FIGB,43.8300
2025-11-24,FIVA,31.8100
2025-11-24,FMAT,50.1500
2025-11-24,FNCL,73.5200
2025-11-24,FQAL,74.3700
2025-11-24,FREL,27.2700
2025-11-24,FSTA,48.8400
2025-11-24,FTEC,219.7000
2025-11-24,FUTY,57.6000
2025-11-24,FVAL,69.9300
2025-11-24,ONEQ,90.0300
2025-11-25,FBCG,53.7900
2025-11-25,FBND,46.6300
2025-11-25,FCOM,71.6600
2025-11-25,FDIS,100.0500
2025-11-25,FDLO,67.2220
2025-11-25,FDVV,56.2000
2025-11-25,FENY,24.5800
2025-11-25,FHLC,76.2900
2025-11-25,FIDU,81.0100
2025-11-25,FIGB,43.8900
2025-11-25,FIVA,32.1700
2025-11-25,FMAT,50.9700
2025-11-25,FNCL,74.5800
2025-11-25,FQAL,75.1600
2025-11-25,FREL,27.5200
2025-11-25,FSTA,49.5900
2025-11-25,FTEC,220.4000
2025-11-25,FUTY,57.4200
2025-11-25,FVAL,70.6900
2025-11-25,ONEQ,90.6200
2025-11-26,FBCG,54.4400
2025-11-26,FBND,46.5300
2025-11-26,FCOM,71.5700
2025-11-26,FDIS,100.7800
2025-11-26,FDLO,67.4700
2025-11-26,FDVV,56.7100
2025-11-26,FENY,24.7500
2025-11-26,FHLC,76.2000
2025-11-26,FIDU,81.5600
2025-11-26,FIGB,43.8050
2025-11-26,FIVA,32.5800
2025-11-26,FMAT,51.6600
2025-11-26,FNCL,75.0900
2025-11-26,FQAL,75.6600
2025-11-26,FREL,27.6300
2025-11-26,FSTA,50.1000
2025-11-26,FTEC,222.7800
2025-11-26,FUTY,58.1600
2025-11-26,FVAL,70.9300
2025-11-26,ONEQ,91.3600
2025-11-28,FBCG,54.7200
2025-11-28,FBND,46.4700
2025-11-28,FCOM,72.2500
2025-11-28,FDIS,101.3700
2025-11-28,FDLO,67.8800
2025-11-28,FDVV,57.0100
2025-11-28,FENY,25.0900
2025-11-28,FHLC,75.8500
2025-11-28,FIDU,81.9800
2025-11-28,FIGB,43.7400
2025-11-28,FIVA,32.6990
2025-11-28,FMAT,52.0000
2025-11-28,FNCL,75.5600
2025-11-28,FQAL,75.9100
2025-11-28,FREL,27.7300
2025-11-28,FSTA,50.3600
2025-11-28,FTEC,224.2800
2025-11-28,FUTY,58.5500
2025-11-28,FVAL,71.2500
2025-11-28,ONEQ,91.9200
2025-12-01,FBCG,54.6900
2025-12-01,FBND,46.2600
2025-12-01,FCOM,71.8000
2025-12-01,FDIS,101.5500
2025-12-01,FDLO,67.3300
2025-12-01,FDVV,56.7700
2025-12-01,FENY,25.3100
2025-12-01,FHLC,74.7500
2025-12-01,FIDU,80.8200
2025-12-01,FIGB,43.5550
2025-12-01,FIVA,32.6870
2025-12-01,FMAT,51.9100
2025-12-01,FNCL,75.0700
2025-12-01,FQAL,75.5600
2025-12-01,FREL,27.4100
2025-12-01,FSTA,50.2900
2025-12-01,FTEC,224.2400
2025-12-01,FUTY,57.2800
2025-12-01,FVAL,71.0100
2025-12-01,ONEQ,91.6200
2025-12-02,FBCG,54.8800
2025-12-02,FBND,46.3200
2025-12-02,FCOM,72.0800
2025-12-02,FDIS,101.4700
2025-12-02,FDLO,67.3300
2025-12-02,FDVV,56.7200
2025-12-02,FENY,24.9900
2025-12-02,FHLC,74.2900
2025-12-02,FIDU,81.4200
2025-12-02,FIGB,43.5500
2025-12-02,FIVA,32.7450
2025-12-02,FMAT,51.5100
2025-12-02,FNCL,75.0200
2025-12-02,FQAL,75.7000
2025-12-02,FREL,27.3200
2025-12-02,FSTA,50.0800
2025-12-02,FTEC,226.5000
2025-12-02,FUTY,56.8200
2025-12-02,FVAL,71.1800
2025-12-02,ONEQ,92.1800
2025-12-03,FBCG,54.9000
2025-12-03,FBND,46.4000
2025-12-03,FCOM,72.0700
2025-12-03,FDIS,102.5700
2025-12-03,FDLO,67.4600
2025-12-03,FDVV,56.9400
2025-12-03,FENY,25.5200
2025-12-03,FHLC,74.7200
2025-12-03,FIDU,82.2000
2025-12-03,FIGB,43.6400
2025-12-03,FIVA,32.8390
2025-12-03,FMAT,51.9600
2025-12-03,FNCL,76.0300
2025-12-03,FQAL,75.8200
2025-12-03,FREL,27.3800
2025-12-03,FSTA,50.1800
2025-12-03,FTEC,226.9200
2025-12-03,FUTY,56.6500
2025-12-03,FVAL,71.5900
2025-12-03,ONEQ,92.3200
2025-12-04,FBCG,55.1600
2025-12-04,FBND,46.3100
2025-12-04,FCOM,72.7300
2025-12-04,FDIS,102.1600
2025-12-04,FDLO,67.3000
2025-12-04,FDVV,57.0200
2025-12-04,FENY,25.6200
2025-12-04,FHLC,74.2800
2025-12-04,FIDU,82.8600
2025-12-04,FIGB,43.5900
2025-12-04,FIVA,33.0000
2025-12-04,FMAT,51.7500
2025-12-04,FNCL,76.2000
2025-12-04,FQAL,75.8200
2025-12-04,FREL,27.3100
2025-12-04,FSTA,49.9000
2025-12-04,FTEC,228.0300
2025-12-04,FUTY,56.5700
2025-12-04,FVAL,71.6100
2025-12-04,ONEQ,92.5300
2025-12-05,FBCG,55.2500
2025-12-05,FBND,46.2300
2025-12-05,FCOM,73.5000
2025-12-05,FDIS,102.5700
2025-12-05,FDLO,67.3400
2025-12-05,FDVV,56.9800
2025-12-05,FENY,25.5200
2025-12-05,FHLC,74.0100
2025-12-05,FIDU,82.5400
2025-12-05,FIGB,43.5000
2025-12-05,FIVA,32.9550
2025-12-05,FMAT,51.6000
2025-12-05,FNCL,76.1900
2025-12-05,FQAL,75.9000
2025-12-05,FREL,27.2600
2025-12-05,FSTA,49.8500
2025-12-05,FTEC,229.0100
2025-12-05,FUTY,56.0100
2025-12-05,FVAL,71.7700
2025-12-05,ONEQ,92.8000
2025-12-08,FBCG,55.2400
2025-12-08,FBND,46.1700
2025-12-08,FCOM,72.9200
2025-12-08,FDIS,101.2400
2025-12-08,FDLO,66.9800
2025-12-08,FDVV,56.9500
2025-12-08,FENY,25.2300
2025-12-08,FHLC,73.1800
2025-12-08,FIDU,82.4000
2025-12-08,FIGB,43.4450
2025-12-08,FIVA,32.9100
2025-12-08,FMAT,50.9300
2025-12-08,FNCL,75.9200
2025-12-08,FQAL,75.6100
2025-12-08,FREL,27.0600
2025-12-08,FSTA,49.4200
2025-12-08,FTEC,231.0400
2025-12-08,FUTY,55.3500
2025-12-08,FVAL,71.4700
2025-12-08,ONEQ,92.7100
2025-12-09,FBCG,55.3900
2025-12-09,FBND,46.1300
2025-12-09,FCOM,72.9100
2025-12-09,FDIS,101.3600
2025-12-09,FDLO,66.7800
2025-12-09,FDVV,56.8800
2025-12-09,FENY,25.3800
2025-12-09,FHLC,72.4200
2025-12-09,FIDU,81.7500
2025-12-09,FIGB,43.3800
2025-12-09,FIVA,32.9700
2025-12-09,FMAT,50.9200
2025-12-09,FNCL,75.7300
2025-12-09,FQAL,75.6000
2025-12-09,FREL,26.9700
2025-12-09,FSTA,49.5600
2025-12-09,FTEC,231.5000
2025-12-09,FUTY,55.3500
2025-12-09,FVAL,71.4640
2025-12-09,ONEQ,92.8100
2025-12-10,FBCG,55.5500
2025-12-10,FBND,46.2700
2025-12-10,FCOM,73.2200
2025-12-10,FDIS,102.9200
2025-12-10,FDLO,67.0900
2025-12-10,FDVV,57.2700
2025-12-10,FENY,25.6000
2025-12-10,FHLC,73.3400
2025-12-10,FIDU,83.3000
2025-12-10,FIGB,43.5300
2025-12-10,FIVA,33.4400
2025-12-10,FMAT,51.8500
2025-12-10,FNCL,76.7700
2025-12-10,FQAL,76.0300
2025-12-10,FREL,27.0700
2025-12-10,FSTA,49.5800
2025-12-10,FTEC,232.2500
2025-12-10,FUTY,55.3100
2025-12-10,FVAL,72.2600
2025-12-10,ONEQ,93.0100
2025-12-11,FBCG,55.4100
2025-12-11,FBND,46.2800
2025-12-11,FCOM,73.0600
2025-12-11,FDIS,103.3700
2025-12-11,FDLO,67.4500
2025-12-11,FDVV,57.4400
2025-12-11,FENY,25.4800
2025-12-11,FHLC,73.9800
2025-12-11,FIDU,84.3300
2025-12-11,FIGB,43.5600
2025-12-11,FIVA,33.8000
2025-12-11,FMAT,53.0800
2025-12-11,FNCL,78.1500
2025-12-11,FQAL,76.4100
2025-12-11,FREL,27.1900
2025-12-11,FSTA,50.0000
2025-12-11,FTEC,231.5000
2025-12-11,FUTY,55.7600
2025-12-11,FVAL,72.6600
2025-12-11,ONEQ,92.8600
2025-12-12,FBCG,54.1600
2025-12-12,FBND,46.1500
2025-12-12,FCOM,72.4900
2025-12-12,FDIS,103.5400
2025-12-12,FDLO,66.9800
2025-12-12,FDVV,57.0100
2025-12-12,FENY,25.2200
2025-12-12,FHLC,74.1500
2025-12-12,FIDU,83.4300
2025-12-12,FIGB,43.4200
2025-12-12,FIVA,33.7200
2025-12-12,FMAT,53.0400
2025-12-12,FNCL,78.1400
2025-12-12,FQAL,75.4800
2025-12-12,FREL,27.1500
2025-12-12,FSTA,50.3800
2025-12-12,FTEC,224.7800
2025-12-12,FUTY,55.4700
2025-12-12,FVAL,72.2400
2025-12-12,ONEQ,91.3600
2025-12-15,FBCG,53.7900
2025-12-15,FBND,46.1900
2025-12-15,FCOM,72.2800
2025-12-15,FDIS,104.1100
2025-12-15,FDLO,67.0500
2025-12-15,FDVV,56.9900
2025-12-15,FENY,25.0200
2025-12-15,FHLC,74.9800
2025-12-15,FIDU,83.3700
2025-12-15,FIGB,43.4400
2025-12-15,FIVA,33.9100
2025-12-15,FMAT,53.0100
2025-12-15,FNCL,78.1200
2025-12-15,FQAL,75.5900
2025-12-15,FREL,27.2400
2025-12-15,FSTA,50.5000
2025-12-15,FTEC,222.2000
2025-12-15,FUTY,55.9100
2025-12-15,FVAL,72.3300
2025-12-15,ONEQ,90.8500
2025-12-16,FBCG,53.9900
2025-12-16,FBND,46.2800
2025-12-16,FCOM,72.5500
2025-12-16,FDIS,104.2600
2025-12-16,FDLO,66.6000
2025-12-16,FDVV,56.6200
2025-12-16,FENY,24.2600
2025-12-16,FHLC,74.0900
2025-12-16,FIDU,82.9700
2025-12-16,FIGB,43.5800
2025-12-16,FIVA,33.7700
2025-12-16,FMAT,52.8900
2025-12-16,FNCL,77.7100
2025-12-16,FQAL,75.3400
2025-12-16,FREL,27.0500
2025-12-16,FSTA,50.2800
2025-12-16,FTEC,222.6400
2025-12-16,FUTY,55.7100
2025-12-16,FVAL,72.0100
2025-12-16,ONEQ,91.0700
2025-12-17,FBCG,52.9400
2025-12-17,FBND,46.2700
2025-12-17,FCOM,71.7500
2025-12-17,FDIS,103.1600
2025-12-17,FDLO,66.3300
2025-12-17,FDVV,56.5200
2025-12-17,FENY,24.7500
2025-12-17,FHLC,73.8900
2025-12-17,FIDU,81.5000
2025-12-17,FIGB,43.5300
2025-12-17,FIVA,33.5700
2025-12-17,FMAT,52.9900
2025-12-17,FNCL,77.7000
2025-12-17,FQAL,74.5400
2025-12-17,FREL,27.1400
2025-12-17,FSTA,50.5000
2025-12-17,FTEC,217.9800
2025-12-17,FUTY,55.3100
2025-12-17,FVAL,71.5000
2025-12-17,ONEQ,89.4100
2025-12-18,FBCG,53.8500
2025-12-18,FBND,46.3900
2025-12-18,FCOM,72.5000
2025-12-18,FDIS,104.6700
2025-12-18,FDLO,66.5600
2025-12-18,FDVV,56.4900
2025-12-18,FENY,24.4000
2025-12-18,FHLC,73.8800
2025-12-18,FIDU,82.1500
2025-12-18,FIGB,43.6100
2025-12-18,FIVA,33.7500
2025-12-18,FMAT,53.0600
2025-12-18,FNCL,77.6100
2025-12-18,FQAL,75.1100
2025-12-18,FREL,27.0000
2025-12-18,FSTA,50.1500
2025-12-18,FTEC,221.0300
2025-12-18,FUTY,55.8700
2025-12-18,FVAL,72.0300
2025-12-18,ONEQ,90.6200
2025-12-19,FBCG,54.6100
2025-12-19,FBND,46.2900
2025-12-19,FCOM,72.4800
2025-12-19,FDIS,104.1100
2025-12-19,FDLO,66.5300
2025-12-19,FDVV,56.3300
2025-12-19,FENY,24.2600
2025-12-19,FHLC,74.2200
2025-12-19,FIDU,82.7900
2025-12-19,FIGB,43.5300
2025-12-19,FIVA,33.8400
2025-12-19,FMAT,53.0700
2025-12-19,FNCL,77.7500
2025-12-19,FQAL,75.4900
2025-12-19,FREL,26.6900
2025-12-19,FSTA,49.6100
2025-12-19,FTEC,225.4600
2025-12-19,FUTY,54.7900
2025-12-19,FVAL,72.1700
2025-12-19,ONEQ,91.6900
2025-12-22,FBCG,54.9800
2025-12-22,FBND,46.2600
2025-12-22,FCOM,72.9400
2025-12-22,FDIS,104.7200
2025-12-22,FDLO,66.9200
2025-12-22,FDVV,56.6300
2025-12-22,FENY,24.5000
2025-12-22,FHLC,74.8300
2025-12-22,FIDU,83.8800
2025-12-22,FIGB,43.5400
2025-12-22,FIVA,34.0100
2025-12-22,FMAT,53.7700
2025-12-22,FNCL,78.7400
2025-12-22,FQAL,76.1000
2025-12-22,FREL,26.8200
2025-12-22,FSTA,49.4200
2025-12-22,FTEC,226.8800
2025-12-22,FUTY,55.0400
2025-12-22,FVAL,72.6960
2025-12-22,ONEQ,92.1400
2025-12-23,FBCG,55.3100
2025-12-23,FBND,46.2700
2025-12-23,FCOM,73.3500
2025-12-23,FDIS,104.4900
2025-12-23,FDLO,67.1100
2025-12-23,FDVV,56.8400
2025-12-23,FENY,24.6700
2025-12-23,FHLC,74.6400
2025-12-23,FIDU,83.8000
2025-12-23,FIGB,43.5200
2025-12-23,FIVA,34.2400
2025-12-23,FMAT,53.8400
2025-12-23,FNCL,78.7900
2025-12-23,FQAL,76.4600
2025-12-23,FREL,26.7900
2025-12-23,FSTA,49.1800
2025-12-23,FTEC,228.1200
2025-12-23,FUTY,55.1900
2025-12-23,FVAL,72.8600
2025-12-23,ONEQ,92.6700
2025-12-24,FBCG,55.5500
2025-12-24,FBND,46.4000
2025-12-24,FCOM,73.6200
2025-12-24,FDIS,104.7800
2025-12-24,FDLO,67.3600
2025-12-24,FDVV,57.0900
2025-12-24,FENY,24.5900
2025-12-24,FHLC,75.0000
2025-12-24,FIDU,84.0400
2025-12-24,FIGB,43.6250
2025-12-24,FIVA,34.2700
2025-12-24,FMAT,53.8900
2025-12-24,FNCL,79.2300
2025-12-24,FQAL,76.6920
2025-12-24,FREL,26.9900
2025-12-24,FSTA,49.5300
2025-12-24,FTEC,228.5400
2025-12-24,FUTY,55.4200
2025-12-24,FVAL,73.2100
2025-12-24,ONEQ,92.8800
2025-12-26,FBCG,55.5700
2025-12-26,FBND,46.3900
2025-12-26,FCOM,73.4000
2025-12-26,FDIS,104.4700
2025-12-26,FDLO,67.4200
2025-12-26,FDVV,57.1000
2025-12-26,FENY,24.5000
2025-12-26,FHLC,75.0500
2025-12-26,FIDU,83.8300
2025-12-26,FIGB,43.6300
2025-12-26,FIVA,34.3700
2025-12-26,FMAT,54.1800
2025-12-26,FNCL,79.0800
2025-12-26,FQAL,76.6690
2025-12-26,FREL,27.0100
2025-12-26,FSTA,49.6100
2025-12-26,FTEC,228.7300
2025-12-26,FUTY,55.3800
2025-12-26,FVAL,73.1300
2025-12-26,ONEQ,92.8000
2025-12-29,FBCG,55.2200
2025-12-29,FBND,46.4500
2025-12-29,FCOM,73.2800
2025-12-29,FDIS,103.4700
2025-12-29,FDLO,67.2600
2025-12-29,FDVV,56.9900
2025-12-29,FENY,24.7300
2025-12-29,FHLC,74.8600
2025-12-29,FIDU,83.5200
2025-12-29,FIGB,43.7050
2025-12-29,FIVA,34.2800
2025-12-29,FMAT,53.6400
2025-12-29,FNCL,78.6200
2025-12-29,FQAL,76.3910
2025-12-29,FREL,27.0700
2025-12-29,FSTA,49.6100
2025-12-29,FTEC,227.5800
2025-12-29,FUTY,55.4400
2025-12-29,FVAL,72.8750
2025-12-29,ONEQ,92.2700
2025-12-30,FBCG,55.2400
2025-12-30,FBND,46.1800
2025-12-30,FCOM,73.6100
2025-12-30,FDIS,103.0300
2025-12-30,FDLO,67.2400
2025-12-30,FDVV,57.0500
2025-12-30,FENY,24.9200
2025-12-30,FHLC,74.7200
2025-12-30,FIDU,83.2300
2025-12-30,FIGB,43.4900
2025-12-30,FIVA,34.4100
2025-12-30,FMAT,53.6100
2025-12-30,FNCL,78.3700
2025-12-30,FQAL,76.1800
2025-12-30,FREL,27.1100
2025-12-30,FSTA,49.4600
2025-12-30,FTEC,226.8600
2025-12-30,FUTY,55.5700
2025-12-30,FVAL,72.8890
2025-12-30,ONEQ,92.1000
2025-12-31,FBCG,54.8400
2025-12-31,FBND,46.0400
2025-12-31,FCOM,73.2800
2025-12-31,FDIS,102.1600
2025-12-31,FDLO,66.7500
2025-12-31,FDVV,56.6900
2025-12-31,FENY,24.7700
2025-12-31,FHLC,74.2800
2025-12-31,FIDU,82.4800
2025-12-31,FIGB,43.4300
2025-12-31,FIVA,34.2300
2025-12-31,FMAT,53.1100
2025-12-31,FNCL,77.7400
2025-12-31,FQAL,75.5900
2025-12-31,FREL,26.8900
2025-12-31,FSTA,49.1900
2025-12-31,FTEC,224.6700
2025-12-31,FUTY,55.2200
2025-12-31,FVAL,72.2700
2025-12-31,ONEQ,91.4000
2026-01-02,FBCG,54.9500
2026-01-02,FBND,46.0400
2026-01-02,FCOM,73.0400
2026-01-02,FDIS,101.5800
2026-01-02,FDLO,66.7300
2026-01-02,FDVV,57.0400
2026-01-02,FENY,25.3000
2026-01-02,FHLC,74.5600
2026-01-02,FIDU,84.1700
2026-01-02,FIGB,43.3600
2026-01-02,FIVA,34.6500
2026-01-02,FMAT,53.9700
2026-01-02,FNCL,78.0100
2026-01-02,FQAL,75.6300
2026-01-02,FREL,26.8900
2026-01-02,FSTA,49.1400
2026-01-02,FTEC,225.4800
2026-01-02,FUTY,55.8600
2026-01-02,FVAL,72.5600
2026-01-02,ONEQ,91.3600
2026-01-05,FBCG,55.1000
2026-01-05,FBND,46.1300
2026-01-05,FCOM,73.6100
2026-01-05,FDIS,103.4200
2026-01-05,FDLO,66.8300
2026-01-05,FDVV,57.0900
2026-01-05,FENY,25.9000
2026-01-05,FHLC,74.4200
2026-01-05,FIDU,85.3700
2026-01-05,FIGB,43.4300
2026-01-05,FIVA,35.0700
2026-01-05,FMAT,54.7500
2026-01-05,FNCL,79.8000
2026-01-05,FQAL,76.0100
2026-01-05,FREL,26.9500
2026-01-05,FSTA,48.9800
2026-01-05,FTEC,225.8700
2026-01-05,FUTY,55.3200
2026-01-05,FVAL,73.0730
2026-01-05,ONEQ,91.9600
2026-01-06,FBCG,55.5900
2026-01-06,FBND,46.1200
2026-01-06,FCOM,73.5100
2026-01-06,FDIS,104.3600
2026-01-06,FDLO,67.3900
2026-01-06,FDVV,57.1200
2026-01-06,FENY,25.2600
2026-01-06,FHLC,75.9200
2026-01-06,FIDU,86.6300
2026-01-06,FIGB,43.4200
2026-01-06,FIVA,35.1400
2026-01-06,FMAT,55.9500
2026-01-06,FNCL,80.1800
2026-01-06,FQAL,76.4100
2026-01-06,FREL,27.1500
2026-01-06,FSTA,49.1300
2026-01-06,FTEC,228.5500
2026-01-06,FUTY,55.6200
2026-01-06,FVAL,73.6700
2026-01-06,ONEQ,92.5900
2026-01-07,FBCG,55.7000
2026-01-07,FBND,46.1800
2026-01-07,FCOM,73.2700
2026-01-07,FDIS,104.0300
2026-01-07,FDLO,67.0800
2026-01-07,FDVV,56.4800
2026-01-07,FENY,24.9900
2026-01-07,FHLC,76.7200
2026-01-07,FIDU,85.1300
2026-01-07,FIGB,43.4900
2026-01-07,FIVA,34.9600
2026-01-07,FMAT,55.0600
2026-01-07,FNCL,79.1100
2026-01-07,FQAL,76.3300
2026-01-07,FREL,26.8900
2026-01-07,FSTA,48.6400
2026-01-07,FTEC,228.4200
2026-01-07,FUTY,54.3500
2026-01-07,FVAL,73.4100
2026-01-07,ONEQ,92.7100
2026-01-08,FBCG,55.2200
2026-01-08,FBND,46.0900
2026-01-08,FCOM,73.5300
2026-01-08,FDIS,105.9100
2026-01-08,FDLO,67.4400
2026-01-08,FDVV,56.8700
2026-01-08,FENY,25.7300
2026-01-08,FHLC,75.9900
2026-01-08,FIDU,85.8200
2026-01-08,FIGB,43.3950
2026-01-08,FIVA,34.9700
2026-01-08,FMAT,55.8200
2026-01-08,FNCL,79.6100
2026-01-08,FQAL,76.2230
2026-01-08,FREL,27.1300
2026-01-08,FSTA,49.7400
2026-01-08,FTEC,224.8900
2026-01-08,FUTY,54.5200
2026-01-08,FVAL,73.6300
2026-01-08,ONEQ,92.3500
2026-01-09,FBCG,55.5700
2026-01-09,FBND,46.1800
2026-01-09,FCOM,73.9200
2026-01-09,FDIS,107.0800
2026-01-09,FDLO,67.7800
2026-01-09,FDVV,57.1800
2026-01-09,FENY,25.8000
2026-01-09,FHLC,75.6000
2026-01-09,FIDU,86.9800
2026-01-09,FIGB,43.4800
2026-01-09,FIVA,35.2300
2026-01-09,FMAT,56.9200
2026-01-09,FNCL,79.3400
2026-01-09,FQAL,76.8400
2026-01-09,FREL,27.2000
2026-01-09,FSTA,50.2500
2026-01-09,FTEC,227.1800
2026-01-09,FUTY,55.1500
2026-01-09,FVAL,73.9550
2026-01-09,ONEQ,93.1000
2026-01-12,FBCG,55.7500
2026-01-12,FBND,46.1300
2026-01-12,FCOM,73.8600
2026-01-12,FDIS,107.0600
2026-01-12,FDLO,67.9600
2026-01-12,FDVV,57.1800
2026-01-12,FENY,25.6500
2026-01-12,FHLC,75.5000
2026-01-12,FIDU,87.7000
2026-01-12,FIGB,43.4300
2026-01-12,FIVA,35.4900
2026-01-12,FMAT,57.4500
2026-01-12,FNCL,78.6800
2026-01-12,FQAL,77.0450
2026-01-12,FREL,27.2400
2026-01-12,FSTA,50.8800
2026-01-12,FTEC,228.2400
2026-01-12,FUTY,55.2800
2026-01-12,FVAL,73.7840
2026-01-12,ONEQ,93.3100
2026-01-13,FBCG,55.8400
2026-01-13,FBND,46.1700
2026-01-13,FCOM,73.6900
2026-01-13,FDIS,106.7900
2026-01-13,FDLO,67.7800
2026-01-13,FDVV,57.2600
2026-01-13,FENY,26.0400
2026-01-13,FHLC,75.2100
2026-01-13,FIDU,88.0600
2026-01-13,FIGB,43.4750
2026-01-13,FIVA,35.2900
2026-01-13,FMAT,57.5400
2026-01-13,FNCL,77.2700
2026-01-13,FQAL,76.8570
2026-01-13,FREL,27.3800
2026-01-13,FSTA,51.3900
2026-01-13,FTEC,228.0500
2026-01-13,FUTY,55.6200
2026-01-13,FVAL,73.3400
2026-01-13,ONEQ,93.1700
2026-01-14,FBCG,54.9300
2026-01-14,FBND,46.2700
2026-01-14,FCOM,73.4000
2026-01-14,FDIS,105.2600
2026-01-14,FDLO,67.7400
2026-01-14,FDVV,57.3800
2026-01-14,FENY,26.6200
2026-01-14,FHLC,75.6900
2026-01-14,FIDU,88.3500
2026-01-14,FIGB,43.5400
2026-01-14,FIVA,35.5200
2026-01-14,FMAT,57.5600
2026-01-14,FNCL,77.2200
2026-01-14,FQAL,76.6100
2026-01-14,FREL,27.6300
2026-01-14,FSTA,52.0100
2026-01-14,FTEC,225.1900
2026-01-14,FUTY,56.0100
2026-01-14,FVAL,73.1600
2026-01-14,ONEQ,92.3500
2026-01-15,FBCG,55.1700
2026-01-15,FBND,46.2100
2026-01-15,FCOM,73.1700
2026-01-15,FDIS,105.8300
2026-01-15,FDLO,67.6800
2026-01-15,FDVV,57.4900
2026-01-15,FENY,26.4000
2026-01-15,FHLC,75.3100
2026-01-15,FIDU,89.2600
2026-01-15,FIGB,43.5300
2026-01-15,FIVA,35.5400
2026-01-15,FMAT,57.8300
2026-01-15,FNCL,77.6500
2026-01-15,FQAL,76.7400
2026-01-15,FREL,27.8100
2026-01-15,FSTA,52.0900
2026-01-15,FTEC,226.3800
2026-01-15,FUTY,56.6300
2026-01-15,FVAL,73.2400
2026-01-15,ONEQ,92.5400
2026-01-16,FBCG,55.0300
2026-01-16,FBND,46.1100
2026-01-16,FCOM,72.7700
2026-01-16,FDIS,105.3400
2026-01-16,FDLO,67.7800
2026-01-16,FDVV,57.6600
2026-01-16,FENY,26.4700
2026-01-16,FHLC,74.7600
2026-01-16,FIDU,89.9000
2026-01-16,FIGB,43.4000
2026-01-16,FIVA,35.5700
2026-01-16,FMAT,57.6400
2026-01-16,FNCL,77.6200
2026-01-16,FQAL,76.6900
2026-01-16,FREL,28.1600
2026-01-16,FSTA,52.0300
2026-01-16,FTEC,226.2800
2026-01-16,FUTY,56.3300
2026-01-16,FVAL,73.1600
2026-01-16,ONEQ,92.4600
2026-01-20,FBCG,53.7300
2026-01-20,FBND,45.9500
2026-01-20,FCOM,71.4500
2026-01-20,FDIS,102.6100
2026-01-20,FDLO,66.6700
2026-01-20,FDVV,56.6200
2026-01-20,FENY,26.4000
2026-01-20,FHLC,74.6300
2026-01-20,FIDU,88.1500
2026-01-20,FIGB,43.2510
2026-01-20,FIVA,35.2200
2026-01-20,FMAT,57.2200
2026-01-20,FNCL,76.0200
2026-01-20,FQAL,75.1800
2026-01-20,FREL,27.6500
2026-01-20,FSTA,52.1500
2026-01-20,FTEC,220.4500
2026-01-20,FUTY,55.7200
2026-01-20,FVAL,71.7600
2026-01-20,ONEQ,90.2700
2026-01-21,FBCG,54.1800
2026-01-21,FBND,46.0800
2026-01-21,FCOM,72.0000
2026-01-21,FDIS,104.5500
2026-01-21,FDLO,67.2000
2026-01-21,FDVV,57.0400
2026-01-21,FENY,27.0700
2026-01-21,FHLC,75.9500
2026-01-21,FIDU,89.5600
2026-01-21,FIGB,43.3500
2026-01-21,FIVA,35.6400
2026-01-21,FMAT,58.2900
2026-01-21,FNCL,76.4900
2026-01-21,FQAL,76.0000
2026-01-21,FREL,27.7600
2026-01-21,FSTA,52.3200
2026-01-21,FTEC,223.2600
2026-01-21,FUTY,55.8700
2026-01-21,FVAL,72.8100
2026-01-21,ONEQ,91.3300
2026-01-22,FBCG,54.6100
2026-01-22,FBND,46.1100
2026-01-22,FCOM,73.3600
2026-01-22,FDIS,105.4800
2026-01-22,FDLO,67.4600
2026-01-22,FDVV,57.1800
2026-01-22,FENY,27.1200
2026-01-22,FHLC,76.0800
2026-01-22,FIDU,89.3500
2026-01-22,FIGB,43.4000
2026-01-22,FIVA,35.9600
2026-01-22,FMAT,58.8200
2026-01-22,FNCL,77.0300
2026-01-22,FQAL,76.1700
2026-01-22,FREL,27.4800
2026-01-22,FSTA,52.2400
2026-01-22,FTEC,224.9200
2026-01-22,FUTY,55.5000
2026-01-22,FVAL,73.3800
2026-01-22,ONEQ,92.1500
2026-01-23,FBCG,54.8900
2026-01-23,FBND,46.1600
2026-01-23,FCOM,73.6400
2026-01-23,FDIS,105.5400
2026-01-23,FDLO,67.5000
2026-01-23,FDVV,57.2400
2026-01-23,FENY,27.2500
2026-01-23,FHLC,75.5400
2026-01-23,FIDU,88.5400
2026-01-23,FIGB,43.4390
2026-01-23,FIVA,36.0400
2026-01-23,FMAT,59.2100
2026-01-23,FNCL,75.8700
2026-01-23,FQAL,76.2720
2026-01-23,FREL,27.5200
2026-01-23,FSTA,52.5600
2026-01-23,FTEC,225.1900
2026-01-23,FUTY,55.2500
2026-01-23,FVAL,73.4400
2026-01-23,ONEQ,92.4400
2026-01-26,FBCG,54.9600
2026-01-26,FBND,46.2000
2026-01-26,FCOM,74.1000
2026-01-26,FDIS,104.8200
2026-01-26,FDLO,68.1300
2026-01-26,FDVV,57.6100
2026-01-26,FENY,27.2700
2026-01-26,FHLC,75.8300
2026-01-26,FIDU,88.5900
2026-01-26,FIGB,43.4800
2026-01-26,FIVA,36.3300
2026-01-26,FMAT,59.0100
2026-01-26,FNCL,76.3000
2026-01-26,FQAL,76.8600
2026-01-26,FREL,27.4800
2026-01-26,FSTA,52.4900
2026-01-26,FTEC,226.8200
2026-01-26,FUTY,55.6100
2026-01-26,FVAL,73.8000
2026-01-26,ONEQ,92.8400
2026-01-27,FBCG,55.4800
2026-01-27,FBND,46.1700
2026-01-27,FCOM,73.7500
2026-01-27,FDIS,105.0100
2026-01-27,FDLO,68.2300
2026-01-27,FDVV,58.1500
2026-01-27,FENY,27.5500
2026-01-27,FHLC,74.7000
2026-01-27,FIDU,88.9100
2026-01-27,FIGB,43.4660
2026-01-27,FIVA,36.9300
2026-01-27,FMAT,59.0300
2026-01-27,FNCL,75.7800
2026-01-27,FQAL,77.2700
2026-01-27,FREL,27.4800
2026-01-27,FSTA,52.6600
2026-01-27,FTEC,229.6100
2026-01-27,FUTY,56.3200
2026-01-27,FVAL,73.8900
2026-01-27,ONEQ,93.6700
2026-01-28,FBCG,55.4600
2026-01-28,FBND,46.1400
2026-01-28,FCOM,73.7400
2026-01-28,FDIS,104.2600
2026-01-28,FDLO,68.0400
2026-01-28,FDVV,58.0700
2026-01-28,FENY,27.7200
2026-01-28,FHLC,74.0400
2026-01-28,FIDU,88.5300
2026-01-28,FIGB,43.4100
2026-01-28,FIVA,36.6800
2026-01-28,FMAT,59.0900
2026-01-28,FNCL,75.6900
2026-01-28,FQAL,77.2200
2026-01-28,FREL,27.1800
2026-01-28,FSTA,52.1600
2026-01-28,FTEC,231.2300
2026-01-28,FUTY,56.2100
2026-01-28,FVAL,74.0200
2026-01-28,ONEQ,93.8300
2026-01-29,FBCG,55.1800
2026-01-29,FBND,46.0600
2026-01-29,FCOM,75.8100
2026-01-29,FDIS,103.7700
2026-01-29,FDLO,68.0500
2026-01-29,FDVV,58.1300
2026-01-29,FENY,28.0300
2026-01-29,FHLC,73.8400
2026-01-29,FIDU,89.2000
2026-01-29,FIGB,43.3500
2026-01-29,FIVA,36.9900
2026-01-29,FMAT,59.0600
2026-01-29,FNCL,76.4700
2026-01-29,FQAL,77.1810
2026-01-29,FREL,27.5600
2026-01-29,FSTA,52.1800
2026-01-29,FTEC,226.9400
2026-01-29,FUTY,56.2200
2026-01-29,FVAL,73.9100
2026-01-29,ONEQ,93.1100
2026-01-30,FBCG,54.5300
2026-01-30,FBND,46.0200
2026-01-30,FCOM,75.4500
2026-01-30,FDIS,103.5600
2026-01-30,FDLO,68.0400
2026-01-30,FDVV,58.1400
2026-01-30,FENY,28.2800
2026-01-30,FHLC,74.1300
2026-01-30,FIDU,88.8500
2026-01-30,FIGB,43.3200
2026-01-30,FIVA,36.4900
2026-01-30,FMAT,57.6600
2026-01-30,FNCL,76.2200
2026-01-30,FQAL,76.7100
2026-01-30,FREL,27.5900
2026-01-30,FSTA,52.8600
2026-01-30,FTEC,222.9600
2026-01-30,FUTY,56.0700
2026-01-30,FVAL,73.8300
2026-01-30,ONEQ,92.3300
2026-02-02,FBCG,54.8500
2026-02-02,FBND,45.9400
2026-02-02,FCOM,75.2100
2026-02-02,FDIS,104.2100
2026-02-02,FDLO,68.6500
2026-02-02,FDVV,58.2000
2026-02-02,FENY,27.7400
2026-02-02,FHLC,74.5800
2026-02-02,FIDU,89.8100
2026-02-02,FIGB,43.2700
2026-02-02,FIVA,36.7400
2026-02-02,FMAT,58.1300
2026-02-02,FNCL,77.0100
2026-02-02,FQAL,77.1560
2026-02-02,FREL,27.2900
2026-02-02,FSTA,53.6100
2026-02-02,FTEC,224.7600
2026-02-02,FUTY,55.2300
2026-02-02,FVAL,74.4000
2026-02-02,ONEQ,92.8000
2026-02-03,FBCG,53.9700
2026-02-03,FBND,45.9600
2026-02-03,FCOM,74.1600
2026-02-03,FDIS,103.5000
2026-02-03,FDLO,68.2700
2026-02-03,FDVV,58.4300
2026-02-03,FENY,28.5900
2026-02-03,FHLC,73.8900
2026-02-03,FIDU,90.7100
2026-02-03,FIGB,43.2800
2026-02-03,FIVA,36.9500
2026-02-03,FMAT,59.4000
2026-02-03,FNCL,76.3800
2026-02-03,FQAL,76.3230
2026-02-03,FREL,27.2600
2026-02-03,FSTA,54.4500
2026-02-03,FTEC,219.5800
2026-02-03,FUTY,56.0600
2026-02-03,FVAL,73.6100
2026-02-03,ONEQ,91.4400
2026-02-04,FBCG,53.0600
2026-02-04,FBND,45.9300
2026-02-04,FCOM,72.9800
2026-02-04,FDIS,103.0700
2026-02-04,FDLO,68.5100
2026-02-04,FDVV,58.9400
2026-02-04,FENY,29.1800
2026-02-04,FHLC,74.5100
2026-02-04,FIDU,90.7000
2026-02-04,FIGB,43.2700
2026-02-04,FIVA,37.2000
2026-02-04,FMAT,60.4500
2026-02-04,FNCL,76.9500
2026-02-04,FQAL,75.7700
2026-02-04,FREL,27.6500
2026-02-04,FSTA,54.9900
2026-02-04,FTEC,215.1600
2026-02-04,FUTY,55.7900
2026-02-04,FVAL,73.7270
2026-02-04,ONEQ,90.1400
2026-02-05,FBCG,52.1500
2026-02-05,FBND,46.1400
2026-02-05,FCOM,72.5000
2026-02-05,FDIS,100.8600
2026-02-05,FDLO,67.9100
2026-02-05,FDVV,58.5100
2026-02-05,FENY,28.8200
2026-02-05,FHLC,73.8100
2026-02-05,FIDU,90.0400
2026-02-05,FIGB,43.4700
2026-02-05,FIVA,36.5500
2026-02-05,FMAT,58.7300
2026-02-05,FNCL,76.0500
2026-02-05,FQAL,75.3200
2026-02-05,FREL,27.6100
2026-02-05,FSTA,55.0600
2026-02-05,FTEC,211.3300
2026-02-05,FUTY,55.8200
2026-02-05,FVAL,72.8200
2026-02-05,ONEQ,88.6800
2026-02-06,FBCG,53.6300
2026-02-06,FBND,46.1500
2026-02-06,FCOM,72.2700
2026-02-06,FDIS,101.4300
2026-02-06,FDLO,68.4800
2026-02-06,FDVV,59.6200
2026-02-06,FENY,29.4600
2026-02-06,FHLC,75.1900
2026-02-06,FIDU,92.8600
2026-02-06,FIGB,43.4200
2026-02-06,FIVA,37.3300
2026-02-06,FMAT,60.0500
2026-02-06,FNCL,77.4800
2026-02-06,FQAL,77.0300
2026-02-06,FREL,28.0200
2026-02-06,FSTA,55.7800
2026-02-06,FTEC,220.6500
2026-02-06,FUTY,56.1400
2026-02-06,FVAL,74.0000
2026-02-06,ONEQ,90.5400
2026-02-09,FBCG,54.2600
2026-02-09,FBND,46.1700
2026-02-09,FCOM,73.0700
2026-02-09,FDIS,101.2100
2026-02-09,FDLO,68.4300
2026-02-09,FDVV,59.7300
2026-02-09,FENY,29.7300
2026-02-09,FHLC,74.6100
2026-02-09,FIDU,93.3200
2026-02-09,FIGB,43.4900
2026-02-09,FIVA,37.8600
2026-02-09,FMAT,60.9300
2026-02-09,FNCL,77.0900
2026-02-09,FQAL,77.3300
2026-02-09,FREL,28.1300
2026-02-09,FSTA,55.3100
2026-02-09,FTEC,224.1300
2026-02-09,FUTY,56.3000
2026-02-09,FVAL,73.9600
2026-02-09,ONEQ,91.3800
2026-02-10,FBCG,53.9100
2026-02-10,FBND,46.3200
2026-02-10,FCOM,73.0900
2026-02-10,FDIS,101.7300
2026-02-10,FDLO,68.3300
2026-02-10,FDVV,59.7500
2026-02-10,FENY,29.6600
2026-02-10,FHLC,74.2300
2026-02-10,FIDU,93.2600
2026-02-10,FIGB,43.6300
2026-02-10,FIVA,37.8300
2026-02-10,FMAT,61.6000
2026-02-10,FNCL,76.5500
2026-02-10,FQAL,77.0500
2026-02-10,FREL,28.4900
2026-02-10,FSTA,54.9700
2026-02-10,FTEC,223.2500
2026-02-10,FUTY,57.1900
2026-02-10,FVAL,73.9400
2026-02-10,ONEQ,90.8700
2026-02-11,FBCG,53.6200
2026-02-11,FBND,46.2400
2026-02-11,FCOM,72.3900
2026-02-11,FDIS,101.2200
2026-02-11,FDLO,68.3600
2026-02-11,FDVV,59.9000
2026-02-11,FENY,30.4100
2026-02-11,FHLC,74.5800
2026-02-11,FIDU,93.7600
2026-02-11,FIGB,43.5300
2026-02-11,FIVA,38.0300
2026-02-11,FMAT,62.3400
2026-02-11,FNCL,75.3700
2026-02-11,FQAL,77.2640
2026-02-11,FREL,28.3800
2026-02-11,FSTA,55.6500
2026-02-11,FTEC,223.2900
2026-02-11,FUTY,57.6600
2026-02-11,FVAL,74.0100
2026-02-11,ONEQ,90.8200
2026-02-12,FBCG,52.3900
2026-02-12,FBND,46.4400
2026-02-12,FCOM,71.0100
2026-02-12,FDIS,99.5200
2026-02-12,FDLO,67.5300
2026-02-12,FDVV,59.0300
2026-02-12,FENY,29.8100
2026-02-12,FHLC,74.2500
2026-02-12,FIDU,92.5200
2026-02-12,FIGB,43.7200
2026-02-12,FIVA,37.6500
2026-02-12,FMAT,61.2200
2026-02-12,FNCL,73.8200
2026-02-12,FQAL,76.0000
2026-02-12,FREL,28.3100
2026-02-12,FSTA,56.3900
2026-02-12,FTEC,217.7200
2026-02-12,FUTY,58.5000
2026-02-12,FVAL,73.0100
2026-02-12,ONEQ,88.9800
2026-02-13,FBCG,52.2000
2026-02-13,FBND,46.5700
2026-02-13,FCOM,70.8800
2026-02-13,FDIS,99.7000
2026-02-13,FDLO,67.5900
2026-02-13,FDVV,59.1100
2026-02-13,FENY,30.0700
2026-02-13,FHLC,74.9600
2026-02-13,FIDU,93.3800
2026-02-13,FIGB,43.8800
2026-02-13,FIVA,37.7400
2026-02-13,FMAT,61.8400
2026-02-13,FNCL,73.8200
2026-02-13,FQAL,76.1440
2026-02-13,FREL,28.7300
2026-02-13,FSTA,56.5700
2026-02-13,FTEC,217.9500
2026-02-13,FUTY,60.0500
2026-02-13,FVAL,73.0550
2026-02-13,ONEQ,88.7500
2026-02-17,FBCG,52.6000
2026-02-17,FBND,46.5700
2026-02-17,FCOM,70.6900
2026-02-17,FDIS,99.6500
2026-02-17,FDLO,67.7100
2026-02-17,FDVV,59.1900
2026-02-17,FENY,29.7300
2026-02-17,FHLC,75.0100
2026-02-17,FIDU,93.8900
2026-02-17,FIGB,43.8900
2026-02-17,FIVA,37.7700
2026-02-17,FMAT,61.1400
2026-02-17,FNCL,74.5100
2026-02-17,FQAL,76.2400
2026-02-17,FREL,29.0100
2026-02-17,FSTA,55.7900
2026-02-17,FTEC,218.1000
2026-02-17,FUTY,59.9200
2026-02-17,FVAL,73.0000
2026-02-17,ONEQ,88.8400
2026-02-18,FBCG,53.0300
2026-02-18,FBND,46.5200
2026-02-18,FCOM,71.0400
2026-02-18,FDIS,100.5800
2026-02-18,FDLO,67.9300
2026-02-18,FDVV,59.3700
2026-02-18,FENY,30.3000
2026-02-18,FHLC,75.2000
2026-02-18,FIDU,93.8800
2026-02-18,FIGB,43.8100
2026-02-18,FIVA,37.8500
2026-02-18,FMAT,61.7700
2026-02-18,FNCL,75.0900
2026-02-18,FQAL,76.6900
2026-02-18,FREL,28.6700
2026-02-18,FSTA,55.5300
2026-02-18,FTEC,220.1000
2026-02-18,FUTY,58.9000
2026-02-18,FVAL,73.5600
2026-02-18,ONEQ,89.5400
2026-02-19,FBCG,52.9200
2026-02-19,FBND,46.5400
2026-02-19,FCOM,71.2400
2026-02-19,FDIS,99.9400
2026-02-19,FDLO,67.7900
2026-02-19,FDVV,59.3100
2026-02-19,FENY,30.5600
2026-02-19,FHLC,75.0600
2026-02-19,FIDU,94.6900
2026-02-19,FIGB,43.8000
2026-02-19,FIVA,37.7700
2026-02-19,FMAT,61.5900
2026-02-19,FNCL,74.4600
2026-02-19,FQAL,76.5100
2026-02-19,FREL,28.6300
2026-02-19,FSTA,55.3900
2026-02-19,FTEC,219.1800
2026-02-19,FUTY,59.5200
2026-02-19,FVAL,73.2600
2026-02-19,ONEQ,89.3700
2026-02-20,FBCG,53.5100
2026-02-20,FBND,46.5300
2026-02-20,FCOM,72.2000
2026-02-20,FDIS,100.8800
2026-02-20,FDLO,68.1500
2026-02-20,FDVV,59.6500
2026-02-20,FENY,30.4200
2026-02-20,FHLC,74.8200
2026-02-20,FIDU,94.9600
2026-02-20,FIGB,43.8300
2026-02-20,FIVA,37.9500
2026-02-20,FMAT,61.7900
2026-02-20,FNCL,74.8700
2026-02-20,FQAL,77.0430
2026-02-20,FREL,28.8100
2026-02-20,FSTA,55.5000
2026-02-20,FTEC,220.3200
2026-02-20,FUTY,59.8000
2026-02-20,FVAL,74.0000
2026-02-20,ONEQ,90.0700
2026-02-23,FBCG,52.8100
2026-02-23,FBND,46.6300
2026-02-23,FCOM,71.2100
2026-02-23,FDIS,98.5300
2026-02-23,FDLO,67.6600
2026-02-23,FDVV,59.1600
2026-02-23,FENY,30.5100
2026-02-23,FHLC,75.5500
2026-02-23,FIDU,93.6900
2026-02-23,FIGB,43.9150
2026-02-23,FIVA,37.8200
2026-02-23,FMAT,61.8000
2026-02-23,FNCL,72.3200
2026-02-23,FQAL,76.3600
2026-02-23,FREL,28.8200
2026-02-23,FSTA,56.1700
2026-02-23,FTEC,216.9500
2026-02-23,FUTY,60.1600
2026-02-23,FVAL,73.1700
2026-02-23,ONEQ,89.1700
2026-02-24,FBCG,53.4100
2026-02-24,FBND,46.6200
2026-02-24,FCOM,71.6200
2026-02-24,FDIS,99.9400
2026-02-24,FDLO,67.8700
2026-02-24,FDVV,59.2700
2026-02-24,FENY,30.5300
2026-02-24,FHLC,75.3600
2026-02-24,FIDU,94.7500
2026-02-24,FIGB,43.9400
2026-02-24,FIVA,37.7800
2026-02-24,FMAT,62.3400
2026-02-24,FNCL,72.6700
2026-02-24,FQAL,76.8700
2026-02-24,FREL,28.8900
2026-02-24,FSTA,56.6600
2026-02-24,FTEC,219.9700
2026-02-24,FUTY,60.8200
2026-02-24,FVAL,73.5800
2026-02-24,ONEQ,90.0000
2026-02-25,FBCG,54.1700
2026-02-25,FBND,46.6000
2026-02-25,FCOM,72.0700
2026-02-25,FDIS,100.0500
2026-02-25,FDLO,67.9900
2026-02-25,FDVV,59.5300
2026-02-25,FENY,30.3800
2026-02-25,FHLC,75.3400
2026-02-25,FIDU,94.2400
2026-02-25,FIGB,43.9200
2026-02-25,FIVA,38.0500
2026-02-25,FMAT,62.0200
2026-02-25,FNCL,73.8900
2026-02-25,FQAL,77.5400
2026-02-25,FREL,28.7900
2026-02-25,FSTA,56.2300
2026-02-25,FTEC,224.1000
2026-02-25,FUTY,61.0600
2026-02-25,FVAL,73.9600
2026-02-25,ONEQ,91.1600
2026-02-26,FBCG,53.5100
2026-02-26,FBND,46.5200
2026-02-26,FCOM,72.1700
2026-02-26,FDIS,100.1700
2026-02-26,FDLO,68.1300
2026-02-26,FDVV,59.4100
2026-02-26,FENY,30.5000
2026-02-26,FHLC,75.1900
2026-02-26,FIDU,94.8100
2026-02-26,FIGB,43.8500
2026-02-26,FIVA,38.1800
2026-02-26,FMAT,62.0600
2026-02-26,FNCL,74.7800
2026-02-26,FQAL,77.1800
2026-02-26,FREL,28.9900
2026-02-26,FSTA,56.1500
2026-02-26,FTEC,220.7900
2026-02-26,FUTY,60.8100
2026-02-26,FVAL,73.5800
2026-02-26,ONEQ,90.0600
2026-02-27,FBCG,53.0000
2026-02-27,FBND,46.6300
2026-02-27,FCOM,72.7300
2026-02-27,FDIS,99.7500
2026-02-27,FDLO,68.4400
2026-02-27,FDVV,59.0200
2026-02-27,FENY,31.0000
2026-02-27,FHLC,76.2800
2026-02-27,FIDU,94.6300
2026-02-27,FIGB,43.9300
2026-02-27,FIVA,38.0700
2026-02-27,FMAT,62.5200
2026-02-27,FNCL,73.1100
2026-02-27,FQAL,76.9700
2026-02-27,FREL,29.0600
2026-02-27,FSTA,56.9100
2026-02-27,FTEC,216.5500
2026-02-27,FUTY,61.4400
2026-02-27,FVAL,73.2000
2026-02-27,ONEQ,89.2200
2026-03-02,FBCG,53.0600
2026-03-02,FBND,46.4000
2026-03-02,FCOM,72.6600
2026-03-02,FDIS,98.6700
2026-03-02,FDLO,68.1700
2026-03-02,FDVV,58.6900
2026-03-02,FENY,31.6300
2026-03-02,FHLC,75.5600
2026-03-02,FIDU,95.6100
2026-03-02,FIGB,43.7700
2026-03-02,FIVA,37.4200
2026-03-02,FMAT,62.3800
2026-03-02,FNCL,73.1900
2026-03-02,FQAL,77.1200
2026-03-02,FREL,29.1200
2026-03-02,FSTA,56.1400
2026-03-02,FTEC,218.8300
2026-03-02,FUTY,61.0300
2026-03-02,FVAL,72.9300
2026-03-02,ONEQ,89.5300
2026-03-03,FBCG,52.4800
2026-03-03,FBND,46.3500
2026-03-03,FCOM,72.7800
2026-03-03,FDIS,97.8800
2026-03-03,FDLO,67.9100
2026-03-03,FDVV,58.2100
2026-03-03,FENY,31.3300
2026-03-03,FHLC,74.7400
2026-03-03,FIDU,93.7800
2026-03-03,FIGB,43.7400
2026-03-03,FIVA,36.3000
2026-03-03,FMAT,60.6100
2026-03-03,FNCL,73.0200
2026-03-03,FQAL,76.3500
2026-03-03,FREL,28.9600
2026-03-03,FSTA,55.6200
2026-03-03,FTEC,215.7500
2026-03-03,FUTY,60.6700
2026-03-03,FVAL,72.4600
2026-03-03,ONEQ,88.6600
2026-03-04,FBCG,53.0600
2026-03-04,FBND,46.3200
2026-03-04,FCOM,73.4200
2026-03-04,FDIS,99.4800
2026-03-04,FDLO,67.9800
2026-03-04,FDVV,58.4000
2026-03-04,FENY,31.2200
2026-03-04,FHLC,74.9200
2026-03-04,FIDU,94.0900
2026-03-04,FIGB,43.6200
2026-03-04,FIVA,36.5600
2026-03-04,FMAT,60.5400
2026-03-04,FNCL,73.3900
2026-03-04,FQAL,76.6300
2026-03-04,FREL,29.0100
2026-03-04,FSTA,55.2700
2026-03-04,FTEC,218.5700
2026-03-04,FUTY,60.9000
2026-03-04,FVAL,72.9000
2026-03-04,ONEQ,89.7600
2026-03-05,FBCG,52.9100
2026-03-05,FBND,46.2200
2026-03-05,FCOM,73.0100
2026-03-05,FDIS,99.5300
2026-03-05,FDLO,67.6700
2026-03-05,FDVV,57.8900
2026-03-05,FENY,31.3800
2026-03-05,FHLC,73.4300
2026-03-05,FIDU,92.0500
2026-03-05,FIGB,43.6000
2026-03-05,FIVA,35.8900
2026-03-05,FMAT,59.1600
2026-03-05,FNCL,72.9300
2026-03-05,FQAL,76.3100
2026-03-05,FREL,28.7500
2026-03-05,FSTA,54.0900
2026-03-05,FTEC,218.7200
2026-03-05,FUTY,60.4300
2026-03-05,FVAL,72.6200
2026-03-05,ONEQ,89.5300
2026-03-06,FBCG,51.9500
2026-03-06,FBND,46.1700
2026-03-06,FCOM,72.1600
2026-03-06,FDIS,97.5800
2026-03-06,FDLO,67.3800
2026-03-06,FDVV,57.3900
2026-03-06,FENY,31.3700
2026-03-06,FHLC,72.8900
2026-03-06,FIDU,90.4500
2026-03-06,FIGB,43.4850
2026-03-06,FIVA,35.4200
2026-03-06,FMAT,57.9200
2026-03-06,FNCL,71.8700
2026-03-06,FQAL,75.3600
2026-03-06,FREL,28.4000
2026-03-06,FSTA,54.2600
2026-03-06,FTEC,214.2900
2026-03-06,FUTY,60.1800
2026-03-06,FVAL,71.6900
2026-03-06,ONEQ,88.1700
2026-03-09,FBCG,52.8300
2026-03-09,FBND,46.2900
2026-03-09,FCOM,72.3100
2026-03-09,FDIS,97.6700
2026-03-09,FDLO,67.4400
2026-03-09,FDVV,57.5300
2026-03-09,FENY,31.2800
2026-03-09,FHLC,73.7100
2026-03-09,FIDU,91.2800
2026-03-09,FIGB,43.6500
2026-03-09,FIVA,35.5300
2026-03-09,FMAT,58.2200
2026-03-09,FNCL,71.5300
2026-03-09,FQAL,76.0200
2026-03-09,FREL,28.4700
2026-03-09,FSTA,54.4100
2026-03-09,FTEC,218.1900
2026-03-09,FUTY,60.3200
2026-03-09,FVAL,72.1900
2026-03-09,ONEQ,89.3600
2026-03-10,FBCG,52.8900
2026-03-10,FBND,46.1700
2026-03-10,FCOM,72.1700
2026-03-10,FDIS,97.4400
2026-03-10,FDLO,67.0900
2026-03-10,FDVV,57.4100
2026-03-10,FENY,30.8900
2026-03-10,FHLC,73.1700
2026-03-10,FIDU,90.7700
2026-03-10,FIGB,43.5400
2026-03-10,FIVA,35.6900
2026-03-10,FMAT,58.2000
2026-03-10,FNCL,71.1600
2026-03-10,FQAL,75.7100
2026-03-10,FREL,28.4200
2026-03-10,FSTA,54.3300
2026-03-10,FTEC,218.2300
2026-03-10,FUTY,59.9500
2026-03-10,FVAL,71.9000
2026-03-10,ONEQ,89.3900
2026-03-11,FBCG,52.8100
2026-03-11,FBND,45.9600
2026-03-11,FCOM,72.1100
2026-03-11,FDIS,97.2900
2026-03-11,FDLO,66.8900
2026-03-11,FDVV,57.1700
2026-03-11,FENY,31.6300
2026-03-11,FHLC,73.0100
2026-03-11,FIDU,90.7000
2026-03-11,FIGB,43.3200
2026-03-11,FIVA,35.6900
2026-03-11,FMAT,58.0200
2026-03-11,FNCL,70.5400
2026-03-11,FQAL,75.3900
2026-03-11,FREL,28.1100
2026-03-11,FSTA,53.7100
2026-03-11,FTEC,219.0900
2026-03-11,FUTY,59.4800
2026-03-11,FVAL,71.8400
2026-03-11,ONEQ,89.4500
2026-03-12,FBCG,51.7200
2026-03-12,FBND,45.8100
2026-03-12,FCOM,70.8200
2026-03-12,FDIS,95.0900
2026-03-12,FDLO,66.1700
2026-03-12,FDVV,56.4300
2026-03-12,FENY,31.8800
2026-03-12,FHLC,71.5900
2026-03-12,FIDU,88.2900
2026-03-12,FIGB,43.2300
2026-03-12,FIVA,35.0300
2026-03-12,FMAT,57.6000
2026-03-12,FNCL,69.4100
2026-03-12,FQAL,74.2900
2026-03-12,FREL,27.9200
2026-03-12,FSTA,53.5900
2026-03-12,FTEC,214.9300
2026-03-12,FUTY,59.8900
2026-03-12,FVAL,70.8800
2026-03-12,ONEQ,87.8600
2026-03-13,FBCG,51.2400
2026-03-13,FBND,45.7500
2026-03-13,FCOM,70.2000
2026-03-13,FDIS,94.5800
2026-03-13,FDLO,65.9400
2026-03-13,FDVV,56.1400
2026-03-13,FENY,31.9900
2026-03-13,FHLC,71.4000
2026-03-13,FIDU,87.8000
2026-03-13,FIGB,43.1300
2026-03-13,FIVA,34.6400
2026-03-13,FMAT,56.8900
2026-03-13,FNCL,69.3900
2026-03-13,FQAL,73.8800
2026-03-13,FREL,27.9500
2026-03-13,FSTA,53.9300
2026-03-13,FTEC,213.0100
2026-03-13,FUTY,60.4400
2026-03-13,FVAL,70.3600
2026-03-13,ONEQ,87.0800
2026-03-16,FBCG,51.9800
2026-03-16,FBND,45.9100
2026-03-16,FCOM,71.0100
2026-03-16,FDIS,95.7500
2026-03-16,FDLO,66.4200
2026-03-16,FDVV,56.6000
2026-03-16,FENY,32.0800
2026-03-16,FHLC,72.0400
2026-03-16,FIDU,88.6600
2026-03-16,FIGB,43.2900
2026-03-16,FIVA,35.2800
2026-03-16,FMAT,57.2700
2026-03-16,FNCL,70.0000
2026-03-16,FQAL,74.5700
2026-03-16,FREL,28.1800
2026-03-16,FSTA,53.9600
2026-03-16,FTEC,216.1200
2026-03-16,FUTY,60.7600
2026-03-16,FVAL,71.0300
2026-03-16,ONEQ,88.0900
2026-03-17,FBCG,52.1400
2026-03-17,FBND,46.0100
2026-03-17,FCOM,71.2300
2026-03-17,FDIS,96.6100
2026-03-17,FDLO,66.4400
2026-03-17,FDVV,56.6900
2026-03-17,FENY,32.4700
2026-03-17,FHLC,71.5600
2026-03-17,FIDU,89.0600
2026-03-17,FIGB,43.4500
2026-03-17,FIVA,35.4070
2026-03-17,FMAT,57.5000
2026-03-17,FNCL,70.4000
2026-03-17,FQAL,74.6700
2026-03-17,FREL,28.2900
2026-03-17,FSTA,53.7600
2026-03-17,FTEC,216.8600
2026-03-17,FUTY,60.6200
2026-03-17,FVAL,71.1600
2026-03-17,ONEQ,88.5100
2026-03-18,FBCG,51.4300
2026-03-18,FBND,45.8300
2026-03-18,FCOM,70.2200
2026-03-18,FDIS,94.4800
2026-03-18,FDLO,65.2800
2026-03-18,FDVV,55.7700
2026-03-18,FENY,32.5000
2026-03-18,FHLC,70.3600
2026-03-18,FIDU,88.2400
2026-03-18,FIGB,43.2300
2026-03-18,FIVA,34.8800
2026-03-18,FMAT,56.1200
2026-03-18,FNCL,69.5400
2026-03-18,FQAL,73.5300
2026-03-18,FREL,27.8600
2026-03-18,FSTA,52.5000
2026-03-18,FTEC,214.6800
2026-03-18,FUTY,60.2000
2026-03-18,FVAL,70.1700
2026-03-18,ONEQ,87.4000
2026-03-19,FBCG,51.2500
2026-03-19,FBND,45.8900
2026-03-19,FCOM,69.9300
2026-03-19,FDIS,93.8500
2026-03-19,FDLO,65.1700
2026-03-19,FDVV,55.6200
2026-03-19,FENY,33.0100
2026-03-19,FHLC,70.1700
2026-03-19,FIDU,87.7000
2026-03-19,FIGB,43.2900
2026-03-19,FIVA,34.7000
2026-03-19,FMAT,55.1300
2026-03-19,FNCL,69.5500
2026-03-19,FQAL,73.4600
2026-03-19,FREL,27.7900
2026-03-19,FSTA,52.1200
2026-03-19,FTEC,215.1900
2026-03-19,FUTY,59.9100
2026-03-19,FVAL,69.9500
2026-03-19,ONEQ,87.0000
2026-03-20,FBCG,50.1100
2026-03-20,FBND,45.5100
2026-03-20,FCOM,69.0000
2026-03-20,FDIS,91.9000
2026-03-20,FDLO,64.3600
2026-03-20,FDVV,54.2300
2026-03-20,FENY,32.8000
2026-03-20,FHLC,69.2500
2026-03-20,FIDU,86.0300
2026-03-20,FIGB,42.9200
2026-03-20,FIVA,33.4100
2026-03-20,FMAT,53.9000
2026-03-20,FNCL,69.2300
2026-03-20,FQAL,72.1300
2026-03-20,FREL,26.6600
2026-03-20,FSTA,51.3300
2026-03-20,FTEC,210.0600
2026-03-20,FUTY,57.1100
2026-03-20,FVAL,68.6500
2026-03-20,ONEQ,85.1600
2026-03-23,FBCG,50.9600
2026-03-23,FBND,45.6900
2026-03-23,FCOM,69.5900
2026-03-23,FDIS,94.1700
2026-03-23,FDLO,64.7000
2026-03-23,FDVV,54.8100
2026-03-23,FENY,33.1500
2026-03-23,FHLC,69.4000
2026-03-23,FIDU,87.1400
2026-03-23,FIGB,43.0700
2026-03-23,FIVA,34.2300
2026-03-23,FMAT,54.8900
2026-03-23,FNCL,69.9300
2026-03-23,FQAL,73.0400
2026-03-23,FREL,26.8600
2026-03-23,FSTA,51.5700
2026-03-23,FTEC,213.3300
2026-03-23,FUTY,57.7400
2026-03-23,FVAL,69.4900
2026-03-23,ONEQ,86.4100
2026-03-24,FBCG,50.6250
2026-03-24,FBND,45.5600
2026-03-24,FCOM,68.5100
2026-03-24,FDIS,93.7200
2026-03-24,FDLO,64.5400
2026-03-24,FDVV,54.7300
2026-03-24,FENY,33.8500
2026-03-24,FHLC,69.3400
2026-03-24,FIDU,87.8500
2026-03-24,FIGB,42.9600
2026-03-24,FIVA,34.1400
2026-03-24,FMAT,55.8500
2026-03-24,FNCL,69.9700
2026-03-24,FQAL,72.7100
2026-03-24,FREL,26.6900
2026-03-24,FSTA,51.5500
2026-03-24,FTEC,212.2700
2026-03-24,FUTY,58.1300
2026-03-24,FVAL,69.1000
2026-03-24,ONEQ,85.6000
2026-03-25,FBCG,51.1200
2026-03-25,FBND,45.7500
2026-03-25,FCOM,68.8400
2026-03-25,FDIS,94.6900
2026-03-25,FDLO,64.8300
2026-03-25,FDVV,55.0900
2026-03-25,FENY,33.7100
2026-03-25,FHLC,70.1400
2026-03-25,FIDU,88.5100
2026-03-25,FIGB,43.0950
2026-03-25,FIVA,34.5700
2026-03-25,FMAT,56.9500
2026-03-25,FNCL,70.1100
2026-03-25,FQAL,73.0300
2026-03-25,FREL,26.6700
2026-03-25,FSTA,51.8900
2026-03-25,FTEC,213.6500
2026-03-25,FUTY,58.3400
2026-03-25,FVAL,69.6100
2026-03-25,ONEQ,86.3100
2026-03-26,FBCG,49.5800
2026-03-26,FBND,45.4800
2026-03-26,FCOM,66.7700
2026-03-26,FDIS,93.0200
2026-03-26,FDLO,64.4000
2026-03-26,FDVV,54.5800
2026-03-26,FENY,34.2300
2026-03-26,FHLC,69.8900
2026-03-26,FIDU,86.2400
2026-03-26,FIGB,42.8550
2026-03-26,FIVA,33.9500
2026-03-26,FMAT,56.3800
2026-03-26,FNCL,69.6900
2026-03-26,FQAL,71.9800
2026-03-26,FREL,26.6400
2026-03-26,FSTA,51.7000
2026-03-26,FTEC,207.5300
2026-03-26,FUTY,58.4700
2026-03-26,FVAL,68.8000
2026-03-26,ONEQ,84.2600
2026-03-27,FBCG,48.4400
2026-03-27,FBND,45.4300
2026-03-27,FCOM,65.4300
2026-03-27,FDIS,90.3500
2026-03-27,FDLO,63.4800
2026-03-27,FDVV,53.9000
2026-03-27,FENY,34.7900
2026-03-27,FHLC,68.5300
2026-03-27,FIDU,85.1500
2026-03-27,FIGB,42.8600
2026-03-27,FIVA,33.6800
2026-03-27,FMAT,56.2300
2026-03-27,FNCL,67.9300
2026-03-27,FQAL,70.8300
2026-03-27,FREL,26.4200
2026-03-27,FSTA,52.0000
2026-03-27,FTEC,203.0900
2026-03-27,FUTY,58.7400
2026-03-27,FVAL,67.5100
2026-03-27,ONEQ,82.4900
2026-03-30,FBCG,47.8200
2026-03-30,FBND,45.4800
2026-03-30,FCOM,65.8100
2026-03-30,FDIS,90.3000
2026-03-30,FDLO,63.5500
2026-03-30,FDVV,53.9700
2026-03-30,FENY,34.4100
2026-03-30,FHLC,68.7900
2026-03-30,FIDU,83.6600
2026-03-30,FIGB,42.9200
2026-03-30,FIVA,33.7900
2026-03-30,FMAT,56.3000
2026-03-30,FNCL,68.6700
2026-03-30,FQAL,70.7500
2026-03-30,FREL,26.5300
2026-03-30,FSTA,52.2300
2026-03-30,FTEC,199.4400
2026-03-30,FUTY,59.1300
2026-03-30,FVAL,67.4700
2026-03-30,ONEQ,81.8200
2026-03-31,FBCG,50.1200
2026-03-31,FBND,45.6200
2026-03-31,FCOM,68.1200
2026-03-31,FDIS,93.2600
2026-03-31,FDLO,64.5900
2026-03-31,FDVV,55.2400
2026-03-31,FENY,34.0200
2026-03-31,FHLC,70.3600
2026-03-31,FIDU,86.5200
2026-03-31,FIGB,43.0400
2026-03-31,FIVA,34.8100
2026-03-31,FMAT,57.6400
2026-03-31,FNCL,70.2000
2026-03-31,FQAL,72.6000
2026-03-31,FREL,26.9100
2026-03-31,FSTA,52.3300
2026-03-31,FTEC,208.0500
2026-03-31,FUTY,59.0700
2026-03-31,FVAL,69.4000
2026-03-31,ONEQ,84.9100
2026-04-01,FBCG,50.9600
2026-04-01,FBND,45.6100
2026-04-01,FCOM,68.6500
2026-04-01,FDIS,94.0400
2026-04-01,FDLO,64.9000
2026-04-01,FDVV,55.4000
2026-04-01,FENY,32.8000
2026-04-01,FHLC,70.9100
2026-04-01,FIDU,87.9700
2026-04-01,FIGB,42.9850
2026-04-01,FIVA,35.3600
2026-04-01,FMAT,58.4200
2026-04-01,FNCL,70.1800
2026-04-01,FQAL,72.9900
2026-04-01,FREL,27.0000
2026-04-01,FSTA,52.1000
2026-04-01,FTEC,210.7100
2026-04-01,FUTY,59.3600
2026-04-01,FVAL,69.8000
2026-04-01,ONEQ,85.9200
2026-04-02,FBCG,50.9700
2026-04-02,FBND,45.7100
2026-04-02,FCOM,68.9700
2026-04-02,FDIS,92.8100
2026-04-02,FDLO,65.1700
2026-04-02,FDVV,55.6000
2026-04-02,FENY,33.0400
2026-04-02,FHLC,70.5400
2026-04-02,FIDU,87.6800
2026-04-02,FIGB,43.1100
2026-04-02,FIVA,35.1500
2026-04-02,FMAT,58.3300
2026-04-02,FNCL,70.4800
2026-04-02,FQAL,73.0600
2026-04-02,FREL,27.3900
2026-04-02,FSTA,52.4000
2026-04-02,FTEC,212.5300
2026-04-02,FUTY,59.7500
2026-04-02,FVAL,69.8800
2026-04-02,ONEQ,86.1000
2026-04-06,FBCG,51.3300
2026-04-06,FBND,45.6500
2026-04-06,FCOM,69.0300
2026-04-06,FDIS,93.5900
2026-04-06,FDLO,65.5500
2026-04-06,FDVV,55.8800
2026-04-06,FENY,33.2700
2026-04-06,FHLC,70.3200
2026-04-06,FIDU,88.0800
2026-04-06,FIGB,43.0500
2026-04-06,FIVA,35.3400
2026-04-06,FMAT,58.1300
2026-04-06,FNCL,70.9900
2026-04-06,FQAL,73.5400
2026-04-06,FREL,27.4200
2026-04-06,FSTA,52.8500
2026-04-06,FTEC,213.5600
2026-04-06,FUTY,59.4800
2026-04-06,FVAL,70.1500
2026-04-06,ONEQ,86.5900
2026-04-07,FBCG,51.3000
2026-04-07,FBND,45.7200
2026-04-07,FCOM,69.2900
2026-04-07,FDIS,92.6400
2026-04-07,FDLO,65.5400
2026-04-07,FDVV,55.7300
2026-04-07,FENY,33.5400
2026-04-07,FHLC,70.4600
2026-04-07,FIDU,87.9200
2026-04-07,FIGB,43.0900
2026-04-07,FIVA,35.1200
2026-04-07,FMAT,58.0300
2026-04-07,FNCL,71.0000
2026-04-07,FQAL,73.3900
2026-04-07,FREL,27.4600
2026-04-07,FSTA,51.9900
2026-04-07,FTEC,214.2700
2026-04-07,FUTY,59.6700
2026-04-07,FVAL,70.1100
2026-04-07,ONEQ,86.6900
2026-04-08,FBCG,53.0800
2026-04-08,FBND,45.8600
2026-04-08,FCOM,70.9900
2026-04-08,FDIS,95.2500
2026-04-08,FDLO,66.6110
2026-04-08,FDVV,56.9600
2026-04-08,FENY,32.4000
2026-04-08,FHLC,71.8500
2026-04-08,FIDU,91.4000
2026-04-08,FIGB,43.2000
2026-04-08,FIVA,36.5400
2026-04-08,FMAT,60.0700
2026-04-08,FNCL,72.8900
2026-04-08,FQAL,75.2200
2026-04-08,FREL,27.9600
2026-04-08,FSTA,53.0300
2026-04-08,FTEC,220.4200
2026-04-08,FUTY,60.3000
2026-04-08,FVAL,71.8500
2026-04-08,ONEQ,89.0800
2026-04-09,FBCG,53.6100
2026-04-09,FBND,45.8700
2026-04-09,FCOM,71.4400
2026-04-09,FDIS,97.0000
2026-04-09,FDLO,66.8900
2026-04-09,FDVV,57.3800
2026-04-09,FENY,31.9900
2026-04-09,FHLC,71.7000
2026-04-09,FIDU,92.3200
2026-04-09,FIGB,43.1900
2026-04-09,FIVA,36.3800
2026-04-09,FMAT,60.1100
2026-04-09,FNCL,73.1200
2026-04-09,FQAL,75.5100
2026-04-09,FREL,28.1600
2026-04-09,FSTA,53.5200
2026-04-09,FTEC,220.6800
2026-04-09,FUTY,60.7600
2026-04-09,FVAL,72.1460
2026-04-09,ONEQ,89.8100
2026-04-10,FBCG,54.0900
2026-04-10,FBND,45.7900
2026-04-10,FCOM,71.3200
2026-04-10,FDIS,97.1900
2026-04-10,FDLO,66.4500
2026-04-10,FDVV,57.2300
2026-04-10,FENY,31.8200
2026-04-10,FHLC,70.7000
2026-04-10,FIDU,92.0700
2026-04-10,FIGB,43.1500
2026-04-10,FIVA,36.5500
2026-04-10,FMAT,60.4600
2026-04-10,FNCL,72.3600
2026-04-10,FQAL,75.2000
2026-04-10,FREL,28.2300
2026-04-10,FSTA,52.7900
2026-04-10,FTEC,221.6700
2026-04-10,FUTY,60.5200
2026-04-10,FVAL,71.9690
2026-04-10,ONEQ,90.1300
2026-04-13,FBCG,54.6900
2026-04-13,FBND,45.8800
2026-04-13,FCOM,71.9400
2026-04-13,FDIS,98.0100
2026-04-13,FDLO,67.0900
2026-04-13,FDVV,57.4900
2026-04-13,FENY,31.9100
2026-04-13,FHLC,71.2200
2026-04-13,FIDU,92.8400
2026-04-13,FIGB,43.2600
2026-04-13,FIVA,36.7150
2026-04-13,FMAT,60.6800
2026-04-13,FNCL,73.6100
2026-04-13,FQAL,75.8700
2026-04-13,FREL,28.3400
2026-04-13,FSTA,52.2500
2026-04-13,FTEC,226.2100
2026-04-13,FUTY,59.7600
2026-04-13,FVAL,72.6700
2026-04-13,ONEQ,91.2600
2026-04-14,FBCG,56.1000
2026-04-14,FBND,46.0200
2026-04-14,FCOM,73.5000
2026-04-14,FDIS,100.0700
2026-04-14,FDLO,67.3500
2026-04-14,FDVV,57.8400
2026-04-14,FENY,31.2000
2026-04-14,FHLC,71.8000
2026-04-14,FIDU,93.3600
2026-04-14,FIGB,43.3400
2026-04-14,FIVA,37.1100
2026-04-14,FMAT,60.5400
2026-04-14,FNCL,73.8600
2026-04-14,FQAL,76.6400
2026-04-14,FREL,28.5900
2026-04-14,FSTA,52.1600
2026-04-14,FTEC,229.6000
2026-04-14,FUTY,59.9600
2026-04-14,FVAL,73.3900
2026-04-14,ONEQ,93.0200
2026-04-15,FBCG,56.7200
2026-04-15,FBND,45.9500
2026-04-15,FCOM,74.2400
2026-04-15,FDIS,101.3000
2026-04-15,FDLO,67.6900
2026-04-15,FDVV,58.1800
2026-04-15,FENY,31.1500
2026-04-15,FHLC,71.4100
2026-04-15,FIDU,92.2000
2026-04-15,FIGB,43.3700
2026-04-15,FIVA,36.8800
2026-04-15,FMAT,59.7600
2026-04-15,FNCL,74.4300
2026-04-15,FQAL,77.0400
2026-04-15,FREL,28.6300
2026-04-15,FSTA,51.9600
2026-04-15,FTEC,233.8100
2026-04-15,FUTY,59.4600
2026-04-15,FVAL,73.9900
2026-04-15,ONEQ,94.5200
2026-04-16,FBCG,56.8100
2026-04-16,FBND,45.8800
2026-04-16,FCOM,74.9600
2026-04-16,FDIS,101.0700
2026-04-16,FDLO,68.0000
2026-04-16,FDVV,58.3500
2026-04-16,FENY,31.6500
2026-04-16,FHLC,70.8100
2026-04-16,FIDU,91.8000
2026-04-16,FIGB,43.2400
2026-04-16,FIVA,36.7500
2026-04-16,FMAT,60.0200
2026-04-16,FNCL,74.2100
2026-04-16,FQAL,77.2360
2026-04-16,FREL,28.8700
2026-04-16,FSTA,52.1200
2026-04-16,FTEC,236.2000
2026-04-16,FUTY,59.8500
2026-04-16,FVAL,74.1400
2026-04-16,ONEQ,94.8200
2026-04-17,FBCG,57.6500
2026-04-17,FBND,46.0500
2026-04-17,FCOM,75.2900
2026-04-17,FDIS,103.4700
2026-04-17,FDLO,68.6300
2026-04-17,FDVV,59.1800
2026-04-17,FENY,30.6900
2026-04-17,FHLC,71.9400
2026-04-17,FIDU,93.5700
2026-04-17,FIGB,43.3900
2026-04-17,FIVA,37.1820
2026-04-17,FMAT,60.4400
2026-04-17,FNCL,74.9400
2026-04-17,FQAL,78.1500
2026-04-17,FREL,29.3500
2026-04-17,FSTA,52.8400
2026-04-17,FTEC,240.2900
2026-04-17,FUTY,59.5900
2026-04-17,FVAL,75.1200
2026-04-17,ONEQ,96.2900
2026-04-20,FBCG,57.5900
2026-04-20,FBND,46.0400
2026-04-20,FCOM,74.7000
2026-04-20,FDIS,103.1600
2026-04-20,FDLO,68.5100
2026-04-20,FDVV,59.1600
2026-04-20,FENY,30.7700
2026-04-20,FHLC,71.3600
2026-04-20,FIDU,93.9900
2026-04-20,FIGB,43.3900
2026-04-20,FIVA,37.0800
2026-04-20,FMAT,60.7800
2026-04-20,FNCL,75.2100
2026-04-20,FQAL,77.9880
2026-04-20,FREL,29.4500
2026-04-20,FSTA,52.7800
2026-04-20,FTEC,241.3100
2026-04-20,FUTY,59.1100
2026-04-20,FVAL,74.9280
2026-04-20,ONEQ,96.0900
2026-04-21,FBCG,57.2200
2026-04-21,FBND,45.9100
2026-04-21,FCOM,73.7300
2026-04-21,FDIS,102.4000
2026-04-21,FDLO,67.9900
2026-04-21,FDVV,58.5600
2026-04-21,FENY,31.2200
2026-04-21,FHLC,70.6100
2026-04-21,FIDU,92.6800
2026-04-21,FIGB,43.1900
2026-04-21,FIVA,36.3400
2026-04-21,FMAT,59.9200
2026-04-21,FNCL,74.7000
2026-04-21,FQAL,77.3000
2026-04-21,FREL,28.9100
2026-04-21,FSTA,52.5200
2026-04-21,FTEC,240.9800
2026-04-21,FUTY,58.0400
2026-04-21,FVAL,74.5290
2026-04-21,ONEQ,95.5400
2026-04-22,FBCG,58.1900
2026-04-22,FBND,45.9500
2026-04-22,FCOM,74.4300
2026-04-22,FDIS,102.4200
2026-04-22,FDLO,68.3300
2026-04-22,FDVV,58.7200
2026-04-22,FENY,31.6200
2026-04-22,FHLC,70.8100
2026-04-22,FIDU,92.5700
2026-04-22,FIGB,43.2900
2026-04-22,FIVA,36.4150
2026-04-22,FMAT,60.2100
2026-04-22,FNCL,74.5800
2026-04-22,FQAL,77.9550
2026-04-22,FREL,28.6900
2026-04-22,FSTA,52.7000
2026-04-22,FTEC,245.8600
2026-04-22,FUTY,57.9700
2026-04-22,FVAL,75.0200
2026-04-22,ONEQ,97.0500
2026-04-23,FBCG,57.7300
2026-04-23,FBND,45.8900
2026-04-23,FCOM,73.8400
2026-04-23,FDIS,101.4400
2026-04-23,FDLO,68.5600
2026-04-23,FDVV,58.6800
2026-04-23,FENY,31.8600
2026-04-23,FHLC,70.5600
2026-04-23,FIDU,93.9600
2026-04-23,FIGB,43.2000
2026-04-23,FIVA,36.2300
2026-04-23,FMAT,59.9600
2026-04-23,FNCL,74.0100
2026-04-23,FQAL,77.6900
2026-04-23,FREL,28.9600
2026-04-23,FSTA,53.4500
2026-04-23,FTEC,242.4100
2026-04-23,FUTY,59.5900
2026-04-23,FVAL,74.8200
2026-04-23,ONEQ,96.3100
2026-04-24,FBCG,58.5700
2026-04-24,FBND,45.9600
2026-04-24,FCOM,73.7100
2026-04-24,FDIS,102.4400
2026-04-24,FDLO,68.2200
2026-04-24,FDVV,58.6700
2026-04-24,FENY,31.8000
2026-04-24,FHLC,69.7300
2026-04-24,FIDU,93.1200
2026-04-24,FIGB,43.3000
2026-04-24,FIVA,36.3400
2026-04-24,FMAT,60.4100
2026-04-24,FNCL,73.5800
2026-04-24,FQAL,78.0420
2026-04-24,FREL,28.8950
2026-04-24,FSTA,53.3700
2026-04-24,FTEC,248.5800
2026-04-24,FUTY,59.6500
2026-04-24,FVAL,75.1250
2026-04-24,ONEQ,97.6900
2026-04-27,FBCG,58.5900
2026-04-27,FBND,45.8700
2026-04-27,FCOM,74.0200
2026-04-27,FDIS,101.7600
2026-04-27,FDLO,67.9000
2026-04-27,FDVV,58.6800
2026-04-27,FENY,31.8300
2026-04-27,FHLC,69.4400
2026-04-27,FIDU,93.1900
2026-04-27,FIGB,43.2400
2026-04-27,FIVA,36.2350
2026-04-27,FMAT,60.2700
2026-04-27,FNCL,74.0800
2026-04-27,FQAL,77.9800
2026-04-27,FREL,28.7300
2026-04-27,FSTA,52.8200
2026-04-27,FTEC,248.8500
2026-04-27,FUTY,59.7200
2026-04-27,FVAL,75.2900
2026-04-27,ONEQ,97.9900
2026-04-28,FBCG,58.0200
2026-04-28,FBND,45.8500
2026-04-28,FCOM,73.7100
2026-04-28,FDIS,100.9800
2026-04-28,FDLO,68.1000
2026-04-28,FDVV,58.7300
2026-04-28,FENY,32.3200
2026-04-28,FHLC,69.4400
2026-04-28,FIDU,92.2200
2026-04-28,FIGB,43.1750
2026-04-28,FIVA,36.1700
2026-04-28,FMAT,59.4800
2026-04-28,FNCL,74.1400
2026-04-28,FQAL,77.7600
2026-04-28,FREL,29.0200
2026-04-28,FSTA,53.1900
2026-04-28,FTEC,244.9500
2026-04-28,FUTY,59.7500
2026-04-28,FVAL,75.2300
2026-04-28,ONEQ,97.1200
2026-04-29,FBCG,57.8500
2026-04-29,FBND,45.5000
2026-04-29,FCOM,73.5300
2026-04-29,FDIS,100.8000
2026-04-29,FDLO,68.2100
2026-04-29,FDVV,58.4400
2026-04-29,FENY,33.0500
2026-04-29,FHLC,68.9400
2026-04-29,FIDU,91.6700
2026-04-29,FIGB,42.8900
2026-04-29,FIVA,35.8200
2026-04-29,FMAT,58.7700
2026-04-29,FNCL,74.0700
2026-04-29,FQAL,77.5800
2026-04-29,FREL,28.7900
2026-04-29,FSTA,53.0900
2026-04-29,FTEC,246.2100
2026-04-29,FUTY,59.0000
2026-04-29,FVAL,75.1450
2026-04-29,ONEQ,97.0600
2026-04-30,FBCG,58.4500
2026-04-30,FBND,45.5600
2026-04-30,FCOM,74.4100
2026-04-30,FDIS,102.0800
2026-04-30,FDLO,69.1100
2026-04-30,FDVV,59.0700
2026-04-30,FENY,33.3300
2026-04-30,FHLC,70.4000
2026-04-30,FIDU,94.3400
2026-04-30,FIGB,42.8950
2026-04-30,FIVA,36.8200
2026-04-30,FMAT,59.4500
2026-04-30,FNCL,74.4000
2026-04-30,FQAL,78.3400
2026-04-30,FREL,29.2100
2026-04-30,FSTA,54.0900
2026-04-30,FTEC,246.3100
2026-04-30,FUTY,60.4000
2026-04-30,FVAL,76.0700
2026-04-30,ONEQ,98.1400
2026-05-01,FBCG,58.8300
2026-05-01,FBND,45.6000
2026-05-01,FCOM,74.3100
2026-05-01,FDIS,102.3200
2026-05-01,FDLO,69.1600
2026-05-01,FDVV,59.1100
2026-05-01,FENY,32.9200
2026-05-01,FHLC,70.1100
2026-05-01,FIDU,93.5200
2026-05-01,FIGB,43.0000
2026-05-01,FIVA,36.7200
2026-05-01,FMAT,59.3200
2026-05-01,FNCL,74.1100
2026-05-01,FQAL,78.2500
2026-05-01,FREL,29.1500
2026-05-01,FSTA,53.9500
2026-05-01,FTEC,250.2000
2026-05-01,FUTY,60.0300
2026-05-01,FVAL,76.2900
2026-05-01,ONEQ,98.8600
2026-05-04,FBCG,58.7800
2026-05-04,FBND,45.4700
2026-05-04,FCOM,74.0400
2026-05-04,FDIS,101.3600
2026-05-04,FDLO,68.9000
2026-05-04,FDVV,58.3700
2026-05-04,FENY,33.2500
2026-05-04,FHLC,70.1000
2026-05-04,FIDU,92.4600
2026-05-04,FIGB,42.8900
2026-05-04,FIVA,36.3200
2026-05-04,FMAT,58.4000
2026-05-04,FNCL,73.6000
2026-05-04,FQAL,77.8400
2026-05-04,FREL,28.9600
2026-05-04,FSTA,53.5100
2026-05-04,FTEC,250.4200
2026-05-04,FUTY,59.8500
2026-05-04,FVAL,75.7800
2026-05-04,ONEQ,98.6800
2026-05-05,FBCG,59.4900
2026-05-05,FBND,45.5500
2026-05-05,FCOM,73.7800
2026-05-05,FDIS,101.8300
2026-05-05,FDLO,69.1500
2026-05-05,FDVV,58.7500
2026-05-05,FENY,33.2500
2026-05-05,FHLC,70.3300
2026-05-05,FIDU,93.4800
2026-05-05,FIGB,42.9200
2026-05-05,FIVA,36.8300
2026-05-05,FMAT,59.3500
2026-05-05,FNCL,73.7300
2026-05-05,FQAL,78.4100
2026-05-05,FREL,29.0500
2026-05-05,FSTA,53.7600
2026-05-05,FTEC,254.8700
2026-05-05,FUTY,59.8500
2026-05-05,FVAL,76.4760
2026-05-05,ONEQ,99.6600
2026-05-06,FBCG,60.5500
2026-05-06,FBND,45.7500
2026-05-06,FCOM,74.9400
2026-05-06,FDIS,103.4500
2026-05-06,FDLO,69.3200
2026-05-06,FDVV,59.6200
2026-05-06,FENY,31.9400
2026-05-06,FHLC,70.5700
2026-05-06,FIDU,95.7300
2026-05-06,FIGB,43.1100
2026-05-06,FIVA,37.7900
2026-05-06,FMAT,60.5300
2026-05-06,FNCL,74.0300
2026-05-06,FQAL,79.3400
2026-05-06,FREL,29.4700
2026-05-06,FSTA,53.7100
2026-05-06,FTEC,261.5000
2026-05-06,FUTY,59.0900
2026-05-06,FVAL,77.3610
2026-05-06,ONEQ,101.6700
2026-05-07,FBCG,60.2050
2026-05-07,FBND,45.6400
2026-05-07,FCOM,74.8600
2026-05-07,FDIS,103.1800
2026-05-07,FDLO,69.1700
2026-05-07,FDVV,59.2200
2026-05-07,FENY,31.3200
2026-05-07,FHLC,70.0200
2026-05-07,FIDU,93.9900
2026-05-07,FIGB,42.9200
2026-05-07,FIVA,37.0500
2026-05-07,FMAT,59.3600
2026-05-07,FNCL,73.6300
2026-05-07,FQAL,79.1470
2026-05-07,FREL,29.2900
2026-05-07,FSTA,53.5500
2026-05-07,FTEC,261.3400
2026-05-07,FUTY,58.3000
2026-05-07,FVAL,76.9600
2026-05-07,ONEQ,101.5800
2026-05-08,FBCG,60.7000
2026-05-08,FBND,45.7500
2026-05-08,FCOM,74.6400
2026-05-08,FDIS,103.4900
2026-05-08,FDLO,69.0170
2026-05-08,FDVV,59.5100
2026-05-08,FENY,31.1500
2026-05-08,FHLC,69.4800
2026-05-08,FIDU,93.8700
2026-05-08,FIGB,43.0450
2026-05-08,FIVA,37.5200
2026-05-08,FMAT,59.6200
2026-05-08,FNCL,73.2800
2026-05-08,FQAL,79.3560
2026-05-08,FREL,29.3500
2026-05-08,FSTA,53.6000
2026-05-08,FTEC,268.3700
2026-05-08,FUTY,57.8500
2026-05-08,FVAL,77.5560
2026-05-08,ONEQ,103.3000
2026-05-11,FBCG,60.9000
2026-05-11,FBND,45.6300
2026-05-11,FCOM,73.4500
2026-05-11,FDIS,102.4800
2026-05-11,FDLO,68.7400
2026-05-11,FDVV,59.2400
2026-05-11,FENY,31.9500
2026-05-11,FHLC,69.2500
2026-05-11,FIDU,94.7800
2026-05-11,FIGB,42.9650
2026-05-11,FIVA,37.5800
2026-05-11,FMAT,60.5300
2026-05-11,FNCL,73.0200
2026-05-11,FQAL,79.3400
2026-05-11,FREL,29.3500
2026-05-11,FSTA,53.0000
2026-05-11,FTEC,271.4600
2026-05-11,FUTY,58.3800
2026-05-11,FVAL,77.6300
2026-05-11,ONEQ,103.5000
2026-05-12,FBCG,60.3600
2026-05-12,FBND,45.5100
2026-05-12,FCOM,73.5100
2026-05-12,FDIS,101.4900
2026-05-12,FDLO,69.0070
2026-05-12,FDVV,59.4200
2026-05-12,FENY,32.1800
2026-05-12,FHLC,70.5200
2026-05-12,FIDU,94.2500
2026-05-12,FIGB,42.8600
2026-05-12,FIVA,37.3900
2026-05-12,FMAT,60.3800
2026-05-12,FNCL,73.4500
2026-05-12,FQAL,79.2800
2026-05-12,FREL,29.3700
2026-05-12,FSTA,53.6900
2026-05-12,FTEC,267.9500
2026-05-12,FUTY,58.4400
2026-05-12,FVAL,77.4200
2026-05-12,ONEQ,102.7500
2026-05-13,FBCG,61.3700
2026-05-13,FBND,45.5100
2026-05-13,FCOM,74.4800
2026-05-13,FDIS,101.7800
2026-05-13,FDLO,69.1200
2026-05-13,FDVV,59.4100
2026-05-13,FENY,32.1600
2026-05-13,FHLC,70.9400
2026-05-13,FIDU,94.0200
2026-05-13,FIGB,42.8500
2026-05-13,FIVA,37.7900
2026-05-13,FMAT,60.3400
2026-05-13,FNCL,72.6100
2026-05-13,FQAL,79.5300
2026-05-13,FREL,29.1200
2026-05-13,FSTA,53.8500
2026-05-13,FTEC,270.7400
2026-05-13,FUTY,57.7400
2026-05-13,FVAL,77.9100
2026-05-13,ONEQ,103.8300
2026-05-14,FBCG,62.0600
2026-05-14,FBND,45.5000
2026-05-14,FCOM,74.7000
2026-05-14,FDIS,101.8100
2026-05-14,FDLO,69.5600
2026-05-14,FDVV,59.9500
2026-05-14,FENY,32.4200
2026-05-14,FHLC,70.8800
2026-05-14,FIDU,94.6500
2026-05-14,FIGB,42.8400
2026-05-14,FIVA,37.6600
2026-05-14,FMAT,59.8700
2026-05-14,FNCL,73.0700
2026-05-14,FQAL,80.2700
2026-05-14,FREL,28.9400
2026-05-14,FSTA,54.0000
2026-05-14,FTEC,274.9500
2026-05-14,FUTY,58.0500
2026-05-14,FVAL,78.2600
2026-05-14,ONEQ,104.8900
2026-05-15,FBCG,61.0000
2026-05-15,FBND,45.2200
2026-05-15,FCOM,73.9400
2026-05-15,FDIS,99.8700
2026-05-15,FDLO,69.2700
2026-05-15,FDVV,59.2600
2026-05-15,FENY,33.1300
2026-05-15,FHLC,69.9600
2026-05-15,FIDU,92.6500
2026-05-15,FIGB,42.5650
2026-05-15,FIVA,37.1100
2026-05-15,FMAT,58.1000
2026-05-15,FNCL,72.7700
2026-05-15,FQAL,79.5600
2026-05-15,FREL,28.5000
2026-05-15,FSTA,53.8400
2026-05-15,FTEC,270.5600
2026-05-15,FUTY,56.6900
2026-05-15,FVAL,77.5100
2026-05-15,ONEQ,103.4400
2026-05-18,FBCG,60.3000
2026-05-18,FBND,45.1900
2026-05-18,FCOM,74.5000
2026-05-18,FDIS,99.7800
2026-05-18,FDLO,69.8400
2026-05-18,FDVV,59.5000
2026-05-18,FENY,33.7200
2026-05-18,FHLC,70.1700
2026-05-18,FIDU,92.2100
2026-05-18,FIGB,42.5800
2026-05-18,FIVA,37.4100
2026-05-18,FMAT,57.9400
2026-05-18,FNCL,73.6000
2026-05-18,FQAL,79.8020
2026-05-18,FREL,28.8500
2026-05-18,FSTA,54.5400
2026-05-18,FTEC,267.6500
2026-05-18,FUTY,56.8100
2026-05-18,FVAL,77.6200
2026-05-18,ONEQ,102.7600
2026-05-19,FBCG,59.8300
2026-05-19,FBND,45.0400
2026-05-19,FCOM,73.6000
2026-05-19,FDIS,98.5800
2026-05-19,FDLO,69.4900
2026-05-19,FDVV,59.3900
2026-05-19,FENY,34.0700
2026-05-19,FHLC,70.8300
2026-05-19,FIDU,91.0500
2026-05-19,FIGB,42.3600
2026-05-19,FIVA,37.0900
2026-05-19,FMAT,56.6600
2026-05-19,FNCL,72.7800
2026-05-19,FQAL,79.3300
2026-05-19,FREL,28.9400
2026-05-19,FSTA,54.6900
2026-05-19,FTEC,266.1800
2026-05-19,FUTY,57.3100
2026-05-19,FVAL,77.1050
2026-05-19,ONEQ,101.8600
2026-05-20,FBCG,60.9300
2026-05-20,FBND,45.3000
2026-05-20,FCOM,73.7800
2026-05-20,FDIS,101.1300
2026-05-20,FDLO,69.6200
2026-05-20,FDVV,60.0400
2026-05-20,FENY,33.2900
2026-05-20,FHLC,71.0100
2026-05-20,FIDU,92.4100
2026-05-20,FIGB,42.6500
2026-05-20,FIVA,37.6400
2026-05-20,FMAT,57.6100
2026-05-20,FNCL,73.6200
2026-05-20,FQAL,80.0600
2026-05-20,FREL,29.3000
2026-05-20,FSTA,54.2900
2026-05-20,FTEC,271.7600
2026-05-20,FUTY,57.5800
2026-05-20,FVAL,77.8800
2026-05-20,ONEQ,103.4200
2026-05-21,FBCG,61.1900
2026-05-21,FBND,45.3400
2026-05-21,FCOM,74.0000
2026-05-21,FDIS,101.9700
2026-05-21,FDLO,69.8450
2026-05-21,FDVV,60.1700
2026-05-21,FENY,32.9200
2026-05-21,FHLC,71.4700
2026-05-21,FIDU,92.3500
2026-05-21,FIGB,42.6700
2026-05-21,FIVA,37.9100
2026-05-21,FMAT,58.0000
2026-05-21,FNCL,73.7900
2026-05-21,FQAL,80.3000
2026-05-21,FREL,29.3600
2026-05-21,FSTA,53.5000
2026-05-21,FTEC,273.4700
2026-05-21,FUTY,58.1600
2026-05-21,FVAL,78.0900
2026-05-21,ONEQ,103.3600
2026-05-22,FBCG,61.2800
2026-05-22,FBND,45.4000
2026-05-22,FCOM,73.8600
2026-05-22,FDIS,102.4700
2026-05-22,FDLO,70.2600
2026-05-22,FDVV,60.7000
2026-05-22,FENY,33.0600
2026-05-22,FHLC,72.1700
2026-05-22,FIDU,93.0800
2026-05-22,FIGB,42.7200
2026-05-22,FIVA,37.7800
2026-05-22,FMAT,58.3000
2026-05-22,FNCL,73.9400
2026-05-22,FQAL,80.6800
2026-05-22,FREL,29.4000
2026-05-22,FSTA,53.5000
2026-05-22,FTEC,276.3500
2026-05-22,FUTY,58.6300
2026-05-22,FVAL,78.6180
2026-05-22,ONEQ,103.7600
2026-05-26,FBCG,62.0800
2026-05-26,FBND,45.5500
2026-05-26,FCOM,74.3400
2026-05-26,FDIS,102.9300
2026-05-26,FDLO,70.1500
2026-05-26,FDVV,60.7000
2026-05-26,FENY,32.2000
2026-05-26,FHLC,71.6800
2026-05-26,FIDU,94.7400
2026-05-26,FIGB,42.8300
2026-05-26,FIVA,38.2370
2026-05-26,FMAT,59.2600
2026-05-26,FNCL,73.9900
2026-05-26,FQAL,80.8700
2026-05-26,FREL,29.5300
2026-05-26,FSTA,52.7500
2026-05-26,FTEC,281.9700
2026-05-26,FUTY,58.6800
2026-05-26,FVAL,79.0400
2026-05-26,ONEQ,104.9600
2026-05-27,FBCG,62.1800
2026-05-27,FBND,45.5700
2026-05-27,FCOM,75.1400
2026-05-27,FDIS,104.7600
2026-05-27,FDLO,70.1400
2026-05-27,FDVV,60.7900
2026-05-27,FENY,31.6400
2026-05-27,FHLC,71.8500
2026-05-27,FIDU,94.7900
2026-05-27,FIGB,42.8900
2026-05-27,FIVA,38.0800
2026-05-27,FMAT,59.3900
2026-05-27,FNCL,73.3400
2026-05-27,FQAL,80.8420
2026-05-27,FREL,29.4600
2026-05-27,FSTA,53.2800
2026-05-27,FTEC,280.4000
2026-05-27,FUTY,58.4000
2026-05-27,FVAL,79.3400
2026-05-27,ONEQ,105.0800
2026-05-28,FBCG,62.9500
2026-05-28,FBND,45.4700
2026-05-28,FCOM,75.3400
2026-05-28,FDIS,105.2700
2026-05-28,FDLO,70.4100
2026-05-28,FDVV,61.0900
2026-05-28,FENY,31.6100
2026-05-28,FHLC,72.8200
2026-05-28,FIDU,94.5900
2026-05-28,FIGB,42.7800
2026-05-28,FIVA,38.0700
2026-05-28,FMAT,59.6800
2026-05-28,FNCL,73.1300
2026-05-28,FQAL,81.1800
2026-05-28,FREL,29.3400
2026-05-28,FSTA,53.1500
2026-05-28,FTEC,284.0200
2026-05-28,FUTY,57.7500
2026-05-28,FVAL,79.9400
2026-05-28,ONEQ,106.0000
2026-05-29,FBCG,63.0400
2026-05-29,FBND,45.5200
2026-05-29,FCOM,74.3900
2026-05-29,FDIS,104.2900
2026-05-29,FDLO,70.4300
2026-05-29,FDVV,61.6400
2026-05-29,FENY,31.2800
2026-05-29,FHLC,72.2500
2026-05-29,FIDU,94.2800
2026-05-29,FIGB,42.8900
2026-05-29,FIVA,38.0900
2026-05-29,FMAT,59.5100
2026-05-29,FNCL,73.5100
2026-05-29,FQAL,81.2800
2026-05-29,FREL,29.0700
2026-05-29,FSTA,52.1100
2026-05-29,FTEC,289.2500
2026-05-29,FUTY,57.5300
2026-05-29,FVAL,80.1900
2026-05-29,ONEQ,106.2400
2026-06-01,FBCG,63.4300
2026-06-01,FBND,45.4900
2026-06-01,FCOM,73.6100
2026-06-01,FDIS,102.4300
2026-06-01,FDLO,70.3100
2026-06-01,FDVV,61.6200
2026-06-01,FENY,31.8400
2026-06-01,FHLC,71.4600
2026-06-01,FIDU,93.5300
2026-06-01,FIGB,42.8800
2026-06-01,FIVA,37.9700
2026-06-01,FMAT,59.2200
2026-06-01,FNCL,73.3100
2026-06-01,FQAL,81.5500
2026-06-01,FREL,28.5900
2026-06-01,FSTA,51.5800
2026-06-01,FTEC,296.6800
2026-06-01,FUTY,55.8300
2026-06-01,FVAL,80.5800
2026-06-01,ONEQ,106.6400
2026-06-02,FBCG,64.0600
2026-06-02,FBND,45.5300
2026-06-02,FCOM,72.5600
2026-06-02,FDIS,102.0200
2026-06-02,FDLO,70.3900
2026-06-02,FDVV,61.6500
2026-06-02,FENY,32.2200
2026-06-02,FHLC,70.5700
2026-06-02,FIDU,94.6900
2026-06-02,FIGB,42.8600
2026-06-02,FIVA,38.4500
2026-06-02,FMAT,60.0100
2026-06-02,FNCL,73.3600
2026-06-02,FQAL,81.6700
2026-06-02,FREL,28.7100
2026-06-02,FSTA,51.4400
2026-06-02,FTEC,300.5100
2026-06-02,FUTY,56.9400
2026-06-02,FVAL,80.4500
2026-06-02,ONEQ,106.7000
2026-06-03,FBCG,63.3900
2026-06-03,FBND,45.4400
2026-06-03,FCOM,71.9300
2026-06-03,FDIS,101.2900
2026-06-03,FDLO,69.7900
2026-06-03,FDVV,60.9600
2026-06-03,FENY,32.5800
2026-06-03,FHLC,71.1500
2026-06-03,FIDU,94.5100
2026-06-03,FIGB,42.8000
2026-06-03,FIVA,38.3100
2026-06-03,FMAT,59.8200
2026-06-03,FNCL,72.3200
2026-06-03,FQAL,81.2500
2026-06-03,FREL,28.6700
2026-06-03,FSTA,51.7500
2026-06-03,FTEC,296.0200
2026-06-03,FUTY,56.6000
2026-06-03,FVAL,79.9760
2026-06-03,ONEQ,105.7900
2026-06-04,FBCG,63.5300
2026-06-04,FBND,45.4900
2026-06-04,FCOM,72.6000
2026-06-04,FDIS,101.6300
2026-06-04,FDLO,70.0400
2026-06-04,FDVV,61.2600
2026-06-04,FENY,32.6400
2026-06-04,FHLC,73.2600
2026-06-04,FIDU,95.5600
2026-06-04,FIGB,42.8000
2026-06-04,FIVA,38.6100
2026-06-04,FMAT,59.8300
2026-06-04,FNCL,74.2500
2026-06-04,FQAL,81.6700
2026-06-04,FREL,29.1800
2026-06-04,FSTA,51.7000
2026-06-04,FTEC,293.4200
2026-06-04,FUTY,56.9400
2026-06-04,FVAL,80.2000
2026-06-04,ONEQ,105.6800
2026-06-05,FBCG,60.7900
2026-06-05,FBND,45.2900
2026-06-05,FCOM,71.1700
2026-06-05,FDIS,99.5900
2026-06-05,FDLO,69.5100
2026-06-05,FDVV,60.6400
2026-06-05,FENY,31.9500
2026-06-05,FHLC,73.4400
2026-06-05,FIDU,94.1100
2026-06-05,FIGB,42.6900
2026-06-05,FIVA,37.5100
2026-06-05,FMAT,58.2800
2026-06-05,FNCL,74.3900
2026-06-05,FQAL,80.0940
2026-06-05,FREL,29.4100
2026-06-05,FSTA,52.5700
2026-06-05,FTEC,275.3200
2026-06-05,FUTY,57.3900
2026-06-05,FVAL,78.3900
2026-06-05,ONEQ,101.3000
2026-06-08,FBCG,61.2000
2026-06-08,FBND,45.2600
2026-06-08,FCOM,70.6500
2026-06-08,FDIS,100.2400
2026-06-08,FDLO,69.0400
2026-06-08,FDVV,60.5100
2026-06-08,FENY,32.3400
2026-06-08,FHLC,73.2700
2026-06-08,FIDU,93.8600
2026-06-08,FIGB,42.6400
2026-06-08,FIVA,37.8800
2026-06-08,FMAT,57.7100
2026-06-08,FNCL,73.9800
2026-06-08,FQAL,80.0320
2026-06-08,FREL,29.0300
2026-06-08,FSTA,52.4800
2026-06-08,FTEC,280.0900
2026-06-08,FUTY,56.3200
2026-06-08,FVAL,78.3900
2026-06-08,ONEQ,102.1400
2026-06-09,FBCG,60.5500
2026-06-09,FBND,45.3700
2026-06-09,FCOM,70.7800
2026-06-09,FDIS,100.8700
2026-06-09,FDLO,69.1700
2026-06-09,FDVV,60.7600
2026-06-09,FENY,31.7900
2026-06-09,FHLC,74.3300
2026-06-09,FIDU,94.8400
2026-06-09,FIGB,42.7030
2026-06-09,FIVA,37.9700
2026-06-09,FMAT,58.5500
2026-06-09,FNCL,74.7200
2026-06-09,FQAL,79.9990
2026-06-09,FREL,29.7000
2026-06-09,FSTA,52.9800
2026-06-09,FTEC,274.6300
2026-06-09,FUTY,56.8600
2026-06-09,FVAL,78.2600
2026-06-09,ONEQ,101.1600
2026-06-10,FBCG,59.2000
2026-06-10,FBND,45.3100
2026-06-10,FCOM,70.2100
2026-06-10,FDIS,99.0700
2026-06-10,FDLO,68.6400
2026-06-10,FDVV,60.4400
2026-06-10,FENY,32.2800
2026-06-10,FHLC,73.4700
2026-06-10,FIDU,91.6800
2026-06-10,FIGB,42.6900
2026-06-10,FIVA,37.4200
2026-06-10,FMAT,57.1100
2026-06-10,FNCL,74.4400
2026-06-10,FQAL,79.0900
2026-06-10,FREL,29.7000
2026-06-10,FSTA,53.9100
2026-06-10,FTEC,268.4300
2026-06-10,FUTY,56.8900
2026-06-10,FVAL,76.9670
2026-06-10,ONEQ,99.1800
2026-06-11,FBCG,60.8900
2026-06-11,FBND,45.5900
2026-06-11,FCOM,70.7200
2026-06-11,FDIS,101.7700
2026-06-11,FDLO,69.0100
2026-06-11,FDVV,61.1200
2026-06-11,FENY,31.6800
2026-06-11,FHLC,74.1600
2026-06-11,FIDU,94.7800
2026-06-11,FIGB,42.9000
2026-06-11,FIVA,38.6900
2026-06-11,FMAT,59.1100
2026-06-11,FNCL,75.0500
2026-06-11,FQAL,80.0900
2026-06-11,FREL,29.6500
2026-06-11,FSTA,53.7400
2026-06-11,FTEC,277.2300
2026-06-11,FUTY,56.8900
2026-06-11,FVAL,78.0800
2026-06-11,ONEQ,101.7000
2026-06-12,FBCG,61.0400
2026-06-12,FBND,45.5300
2026-06-12,FCOM,70.7800
2026-06-12,FDIS,101.9700
2026-06-12,FDLO,69.3100
2026-06-12,FDVV,61.4700
2026-06-12,FENY,31.9300
2026-06-12,FHLC,74.0600
2026-06-12,FIDU,95.1400
2026-06-12,FIGB,42.8900
2026-06-12,FIVA,39.0400
2026-06-12,FMAT,60.1300
2026-06-12,FNCL,76.0700
2026-06-12,FQAL,80.6160
2026-06-12,FREL,29.9500
2026-06-12,FSTA,54.1100
2026-06-12,FTEC,278.9200
2026-06-12,FUTY,57.5400
2026-06-12,FVAL,78.3250
2026-06-12,ONEQ,102.0400
2026-06-15,FBCG,62.8700
2026-06-15,FBND,45.5800
2026-06-15,FCOM,71.9700
2026-06-15,FDIS,103.2100
2026-06-15,FDLO,69.6500
2026-06-15,FDVV,61.7700
2026-06-15,FENY,30.8500
2026-06-15,FHLC,73.8200
2026-06-15,FIDU,96.4000
2026-06-15,FIGB,42.9100
2026-06-15,FIVA,39.2500
2026-06-15,FMAT,60.7100
2026-06-15,FNCL,76.2800
2026-06-15,FQAL,81.5600
2026-06-15,FREL,29.7250
2026-06-15,FSTA,53.9300
2026-06-15,FTEC,288.3600
2026-06-15,FUTY,57.8800
2026-06-15,FVAL,79.3940
2026-06-15,ONEQ,105.1500
2026-06-16,FBCG,62.0800
2026-06-16,FBND,45.6500
2026-06-16,FCOM,72.1200
2026-06-16,FDIS,103.0400
2026-06-16,FDLO,69.6200
2026-06-16,FDVV,61.7600
2026-06-16,FENY,30.7000
2026-06-16,FHLC,73.7700
2026-06-16,FIDU,96.9700
2026-06-16,FIGB,43.0000
2026-06-16,FIVA,39.1800
2026-06-16,FMAT,60.8400
2026-06-16,FNCL,77.4100
2026-06-16,FQAL,81.5000
2026-06-16,FREL,29.7700
2026-06-16,FSTA,54.0100
2026-06-16,FTEC,281.3900
2026-06-16,FUTY,58.2500
2026-06-16,FVAL,78.9900
2026-06-16,ONEQ,104.0800
2026-06-17,FBCG,61.3700
2026-06-17,FBND,45.4800
2026-06-17,FCOM,70.0400
2026-06-17,FDIS,100.5700
2026-06-17,FDLO,68.6700
2026-06-17,FDVV,60.8500
2026-06-17,FENY,30.3600
2026-06-17,FHLC,72.8700
2026-06-17,FIDU,96.8100
2026-06-17,FIGB,42.8700
2026-06-17,FIVA,38.8500
2026-06-17,FMAT,60.0600
2026-06-17,FNCL,76.8900
2026-06-17,FQAL,80.4110
2026-06-17,FREL,29.0500
2026-06-17,FSTA,52.9000
2026-06-17,FTEC,279.2100
2026-06-17,FUTY,57.4900
2026-06-17,FVAL,77.8600
2026-06-17,ONEQ,102.5200
2026-06-18,FBCG,62.7200
2026-06-18,FBND,45.6100
2026-06-18,FCOM,70.3900
2026-06-18,FDIS,102.1100
2026-06-18,FDLO,68.2400
2026-06-18,FDVV,60.5900
2026-06-18,FENY,29.6600
2026-06-18,FHLC,72.2200
2026-06-18,FIDU,97.5600
2026-06-18,FIGB,42.9100
2026-06-18,FIVA,38.6500
2026-06-18,FMAT,59.7200
2026-06-18,FNCL,76.0300
2026-06-18,FQAL,80.8700
2026-06-18,FREL,28.7650
2026-06-18,FSTA,52.4100
2026-06-18,FTEC,286.5400
2026-06-18,FUTY,57.5000
2026-06-18,FVAL,78.0100
2026-06-18,ONEQ,104.2500
2026-06-22,FBCG,62.1100
2026-06-22,FBND,45.4900
2026-06-22,FCOM,68.7100
2026-06-22,FDIS,100.3300
2026-06-22,FDLO,67.7300
2026-06-22,FDVV,60.3900
2026-06-22,FENY,30.0300
2026-06-22,FHLC,72.8700
2026-06-22,FIDU,98.2000
2026-06-22,FIGB,42.7800
2026-06-22,FIVA,38.9400
2026-06-22,FMAT,59.6600
2026-06-22,FNCL,76.3900
2026-06-22,FQAL,80.3200
2026-06-22,FREL,29.0400
2026-06-22,FSTA,52.0500
2026-06-22,FTEC,287.6800
2026-06-22,FUTY,57.7500
2026-06-22,FVAL,77.8700
2026-06-22,ONEQ,103.0500
2026-06-23,FBCG,60.3700
2026-06-23,FBND,45.5400
2026-06-23,FCOM,68.9300
2026-06-23,FDIS,99.3500
2026-06-23,FDLO,67.8300
2026-06-23,FDVV,60.4400
2026-06-23,FENY,30.2200
2026-06-23,FHLC,73.8500
2026-06-23,FIDU,96.1300
2026-06-23,FIGB,42.8100
2026-06-23,FIVA,38.0400
2026-06-23,FMAT,58.5800
2026-06-23,FNCL,76.7400
2026-06-23,FQAL,79.6300
2026-06-23,FREL,29.4400
2026-06-23,FSTA,52.9500
2026-06-23,FTEC,277.0300
2026-06-23,FUTY,58.2000
2026-06-23,FVAL,77.1500
2026-06-23,ONEQ,100.7300
2026-06-24,FBCG,60.4250
2026-06-24,FBND,45.7600
2026-06-24,FCOM,68.4000
2026-06-24,FDIS,100.7000
2026-06-24,FDLO,67.9000
2026-06-24,FDVV,60.4800
2026-06-24,FENY,29.6800
2026-06-24,FHLC,74.5800
2026-06-24,FIDU,97.0600
2026-06-24,FIGB,43.0670
2026-06-24,FIVA,37.8600
2026-06-24,FMAT,58.7800
2026-06-24,FNCL,76.5800
2026-06-24,FQAL,79.6800
2026-06-24,FREL,29.4700
2026-06-24,FSTA,53.4100
2026-06-24,FTEC,275.0200
2026-06-24,FUTY,58.7300
2026-06-24,FVAL,77.0060
2026-06-24,ONEQ,100.3600
2026-06-25,FBCG,60.2100
2026-06-25,FBND,45.7600
2026-06-25,FCOM,67.6700
2026-06-25,FDIS,99.6700
2026-06-25,FDLO,67.2930
2026-06-25,FDVV,59.9700
2026-06-25,FENY,30.0200
2026-06-25,FHLC,75.6900
2026-06-25,FIDU,99.0000
2026-06-25,FIGB,43.1000
2026-06-25,FIVA,38.5200
2026-06-25,FMAT,59.6100
2026-06-25,FNCL,76.2500
2026-06-25,FQAL,79.6000
2026-06-25,FREL,29.5300
2026-06-25,FSTA,52.9700
2026-06-25,FTEC,275.8500
2026-06-25,FUTY,59.1000
2026-06-25,FVAL,76.9400
2026-06-25,ONEQ,99.8800
2026-06-26,FBCG,59.7700
2026-06-26,FBND,45.8200
2026-06-26,FCOM,68.2800
2026-06-26,FDIS,100.9000
2026-06-26,FDLO,67.9000
2026-06-26,FDVV,60.1200
2026-06-26,FENY,29.9100
2026-06-26,FHLC,77.8700
2026-06-26,FIDU,97.1900
2026-06-26,FIGB,43.1300
2026-06-26,FIVA,38.2900
2026-06-26,FMAT,59.3500
2026-06-26,FNCL,76.5000
2026-06-26,FQAL,79.8400
2026-06-26,FREL,29.9700
2026-06-26,FSTA,53.4900
2026-06-26,FTEC,272.4800
2026-06-26,FUTY,59.5100
2026-06-26,FVAL,77.5900
2026-06-26,ONEQ,99.3800
2026-06-29,FBCG,61.2300
2026-06-29,FBND,45.6700
2026-06-29,FCOM,69.8200
2026-06-29,FDIS,102.7100
2026-06-29,FDLO,68.2000
2026-06-29,FDVV,60.3400
2026-06-29,FENY,29.7600
2026-06-29,FHLC,78.1200
2026-06-29,FIDU,98.2000
2026-06-29,FIGB,43.0270
2026-06-29,FIVA,38.3400
2026-06-29,FMAT,58.2700
2026-06-29,FNCL,76.6700
2026-06-29,FQAL,80.8400
2026-06-29,FREL,29.8300
2026-06-29,FSTA,53.2900
2026-06-29,FTEC,278.3400
2026-06-29,FUTY,59.2700
2026-06-29,FVAL,77.6900
2026-06-29,ONEQ,101.6700
2026-06-30,FBCG,62.1100
2026-06-30,FBND,45.4900
2026-06-30,FCOM,69.4800
2026-06-30,FDIS,102.8400
2026-06-30,FDLO,68.3350
2026-06-30,FDVV,60.2900
2026-06-30,FENY,29.5600
2026-06-30,FHLC,77.2500
2026-06-30,FIDU,99.6100
2026-06-30,FIGB,42.8300
2026-06-30,FIVA,38.5200
2026-06-30,FMAT,58.5100
2026-06-30,FNCL,76.5600
2026-06-30,FQAL,81.3610
2026-06-30,FREL,29.3000
2026-06-30,FSTA,52.5400
2026-06-30,FTEC,285.5800
2026-06-30,FUTY,58.4200
2026-06-30,FVAL,77.9340
2026-06-30,ONEQ,103.2200
2026-07-01,FBCG,61.8600
2026-07-01,FBND,45.4000
2026-07-01,FCOM,71.3200
2026-07-01,FDIS,103.3900
2026-07-01,FDLO,68.9600
2026-07-01,FDVV,60.6800
2026-07-01,FENY,29.3800
2026-07-01,FHLC,77.7000
2026-07-01,FIDU,98.2600
2026-07-01,FIGB,42.7600
2026-07-01,FIVA,38.2330
2026-07-01,FMAT,58.4700
2026-07-01,FNCL,78.2400
2026-07-01,FQAL,81.3500
2026-07-01,FREL,29.4400
2026-07-01,FSTA,52.5800
2026-07-01,FTEC,279.9800
2026-07-01,FUTY,57.7300
2026-07-01,FVAL,77.9300
2026-07-01,ONEQ,102.5400
2026-07-02,FBCG,61.0900
2026-07-02,FBND,45.4700
2026-07-02,FCOM,70.8100
2026-07-02,FDIS,102.7300
2026-07-02,FDLO,70.0000
2026-07-02,FDVV,61.2800
2026-07-02,FENY,29.6200
2026-07-02,FHLC,79.6700
2026-07-02,FIDU,98.2500
2026-07-02,FIGB,42.7800
2026-07-02,FIVA,38.4800
2026-07-02,FMAT,59.5200
2026-07-02,FNCL,79.2400
2026-07-02,FQAL,81.4700
2026-07-02,FREL,29.7900
2026-07-02,FSTA,53.7000
2026-07-02,FTEC,273.8900
2026-07-02,FUTY,58.9800
2026-07-02,FVAL,78.4780
2026-07-02,ONEQ,101.6600
2026-07-06,FBCG,61.7900
2026-07-06,FBND,45.4600
2026-07-06,FCOM,71.4000
2026-07-06,FDIS,103.4100
2026-07-06,FDLO,70.0800
2026-07-06,FDVV,61.5400
2026-07-06,FENY,29.5400
2026-07-06,FHLC,79.0300
2026-07-06,FIDU,99.0300
2026-07-06,FIGB,42.8400
2026-07-06,FIVA,38.9000
2026-07-06,FMAT,59.3400
2026-07-06,FNCL,80.0000
2026-07-06,FQAL,81.7000
2026-07-06,FREL,29.5900
2026-07-06,FSTA,53.1800
2026-07-06,FTEC,278.0100
2026-07-06,FUTY,58.3500
2026-07-06,FVAL,78.7860
2026-07-06,ONEQ,102.8800
2026-07-07,FBCG,61.1400
2026-07-07,FBND,45.2900
2026-07-07,FCOM,71.7100
2026-07-07,FDIS,102.7900
2026-07-07,FDLO,70.3400
2026-07-07,FDVV,61.8300
2026-07-07,FENY,30.3700
2026-07-07,FHLC,80.1500
2026-07-07,FIDU,97.0900
2026-07-07,FIGB,42.6510
2026-07-07,FIVA,38.4700
2026-07-07,FMAT,58.5800
2026-07-07,FNCL,79.8800
2026-07-07,FQAL,81.6000
2026-07-07,FREL,29.9300
2026-07-07,FSTA,53.5900
2026-07-07,FTEC,272.3400
2026-07-07,FUTY,58.8700
2026-07-07,FVAL,78.6800
2026-07-07,ONEQ,101.7800
2026-07-08,FBCG,61.5200
2026-07-08,FBND,45.2200
2026-07-08,FCOM,70.7700
2026-07-08,FDIS,100.8900
2026-07-08,FDLO,69.8500
2026-07-08,FDVV,61.5000
2026-07-08,FENY,30.8800
2026-07-08,FHLC,79.1800
2026-07-08,FIDU,96.0700
2026-07-08,FIGB,42.6400
2026-07-08,FIVA,38.3400
2026-07-08,FMAT,57.1900
2026-07-08,FNCL,78.3700
2026-07-08,FQAL,81.3400
2026-07-08,FREL,29.4100
2026-07-08,FSTA,53.3000
2026-07-08,FTEC,275.8100
2026-07-08,FUTY,58.4300
2026-07-08,FVAL,78.5200
2026-07-08,ONEQ,101.9900
2026-07-09,FBCG,62.0200
2026-07-09,FBND,45.2800
2026-07-09,FCOM,71.5300
2026-07-09,FDIS,102.3500
2026-07-09,FDLO,70.0700
2026-07-09,FDVV,61.7700
2026-07-09,FENY,30.4500
2026-07-09,FHLC,79.2100
2026-07-09,FIDU,96.4900
2026-07-09,FIGB,42.4600
2026-07-09,FIVA,38.6200
2026-07-09,FMAT,57.4600
2026-07-09,FNCL,79.1700
2026-07-09,FQAL,81.8000
2026-07-09,FREL,29.4900
2026-07-09,FSTA,52.5700
2026-07-09,FTEC,281.2400
2026-07-09,FUTY,58.1800
2026-07-09,FVAL,78.9860
2026-07-09,ONEQ,103.2300
2026-07-10,FBCG,62.2700
2026-07-10,FBND,45.2500
2026-07-10,FCOM,72.3200
2026-07-10,FDIS,102.7500
2026-07-10,FDLO,70.1400
2026-07-10,FDVV,62.1400
2026-07-10,FENY,30.6000
2026-07-10,FHLC,78.4100
2026-07-10,FIDU,96.8300
2026-07-10,FIGB,42.6100
2026-07-10,FIVA,38.8700
2026-07-10,FMAT,58.0100
2026-07-10,FNCL,79.4300
2026-07-10,FQAL,82.3590
2026-07-10,FREL,29.5500
2026-07-10,FSTA,53.1000
2026-07-10,FTEC,282.0700
2026-07-10,FUTY,58.5300
2026-07-10,FVAL,79.4000
2026-07-10,ONEQ,103.5300
2026-07-13,FBCG,60.9700
2026-07-13,FBND,45.1000
2026-07-13,FCOM,71.9800
2026-07-13,FDIS,101.8500
2026-07-13,FDLO,70.3000
2026-07-13,FDVV,61.9400
2026-07-13,FENY,31.5100
2026-07-13,FHLC,78.4500
2026-07-13,FIDU,95.8500
2026-07-13,FIGB,42.4600
2026-07-13,FIVA,38.4700
2026-07-13,FMAT,57.4900
2026-07-13,FNCL,79.8600
2026-07-13,FQAL,81.9800
2026-07-13,FREL,29.7100
2026-07-13,FSTA,53.4000
2026-07-13,FTEC,276.0800
2026-07-13,FUTY,58.9200
2026-07-13,FVAL,79.3000
2026-07-13,ONEQ,101.9000
2026-07-14,FBCG,61.8000
2026-07-14,FBND,45.2000
2026-07-14,FCOM,72.0900
2026-07-14,FDIS,101.8200
2026-07-14,FDLO,69.6500
2026-07-14,FDVV,62.0500
2026-07-14,FENY,31.6500
2026-07-14,FHLC,77.1600
2026-07-14,FIDU,96.1100
2026-07-14,FIGB,42.4800
2026-07-14,FIVA,38.8300
2026-07-14,FMAT,57.7700
2026-07-14,FNCL,80.1200
2026-07-14,FQAL,82.0800
2026-07-14,FREL,29.6400
2026-07-14,FSTA,52.7400
2026-07-14,FTEC,279.7000
2026-07-14,FUTY,58.9200
2026-07-14,FVAL,79.3100
2026-07-14,ONEQ,102.8600
2026-07-15,FBCG,62.0800
2026-07-15,FBND,45.2800
2026-07-15,FCOM,73.4500
2026-07-15,FDIS,102.7000
2026-07-15,FDLO,69.9400
2026-07-15,FDVV,62.2900
2026-07-15,FENY,31.3800
2026-07-15,FHLC,77.2200
2026-07-15,FIDU,96.0000
2026-07-15,FIGB,42.6500
2026-07-15,FIVA,39.0500
2026-07-15,FMAT,57.6000
2026-07-15,FNCL,80.6000
2026-07-15,FQAL,82.5700
2026-07-15,FREL,29.7300
2026-07-15,FSTA,52.6800
2026-07-15,FTEC,278.1700
2026-07-15,FUTY,58.3800
2026-07-15,FVAL,79.9900
2026-07-15,ONEQ,103.4000
2026-07-16,FBCG,60.7400
2026-07-16,FBND,45.2600
2026-07-16,FCOM,72.4200
2026-07-16,FDIS,103.1600
2026-07-16,FDLO,70.4300
2026-07-16,FDVV,62.6500
2026-07-16,FENY,31.6300
2026-07-16,FHLC,78.6100
2026-07-16,FIDU,95.8700
2026-07-16,FIGB,42.6700
2026-07-16,FIVA,38.6100
2026-07-16,FMAT,57.7500
2026-07-16,FNCL,81.0500
2026-07-16,FQAL,82.5800
2026-07-16,FREL,30.4100
2026-07-16,FSTA,54.1200
2026-07-16,FTEC,272.8000
2026-07-16,FUTY,58.6600
2026-07-16,FVAL,79.8300
2026-07-16,ONEQ,101.8000
2026-07-17,FBCG,59.9700
2026-07-17,FBND,45.2900
2026-07-17,FCOM,71.0200
2026-07-17,FDIS,101.6200
2026-07-17,FDLO,70.0500
2026-07-17,FDVV,62.1600
2026-07-17,FENY,32.0200
2026-07-17,FHLC,78.3900
2026-07-17,FIDU,95.4700
2026-07-17,FIGB,42.6400
2026-07-17,FIVA,38.3900
2026-07-17,FMAT,57.1800
2026-07-17,FNCL,80.3200
2026-07-17,FQAL,81.8600
2026-07-17,FREL,30.4100
2026-07-17,FSTA,53.6400
2026-07-17,FTEC,270.1300
2026-07-17,FUTY,58.2800
2026-07-17,FVAL,79.3200
2026-07-17,ONEQ,100.4500
2026-07-20,FBCG,60.0500
2026-07-20,FBND,45.1700
2026-07-20,FCOM,71.1300
2026-07-20,FDIS,100.8400
2026-07-20,FDLO,69.8700
2026-07-20,FDVV,61.7600
2026-07-20,FENY,32.1600
2026-07-20,FHLC,77.4300
2026-07-20,FIDU,94.5500
2026-07-20,FIGB,42.5350
2026-07-20,FIVA,38.1900
2026-07-20,FMAT,56.5600
2026-07-20,FNCL,79.9900
2026-07-20,FQAL,81.5400
2026-07-20,FREL,30.2200
2026-07-20,FSTA,53.4500
2026-07-20,FTEC,270.2800
2026-07-20,FUTY,57.9400
2026-07-20,FVAL,79.2600
2026-07-20,ONEQ,100.5500
2026-07-21,FBCG,60.9900
2026-07-21,FBND,45.1000
2026-07-21,FCOM,70.8500
2026-07-21,FDIS,100.9600
2026-07-21,FDLO,69.8000
2026-07-21,FDVV,62.0800
2026-07-21,FENY,32.5600
2026-07-21,FHLC,78.0300
2026-07-21,FIDU,95.2600
2026-07-21,FIGB,42.4450
2026-07-21,FIVA,38.7350
2026-07-21,FMAT,56.9900
2026-07-21,FNCL,80.0500
2026-07-21,FQAL,81.8500
2026-07-21,FREL,30.2400
2026-07-21,FSTA,53.0000
2026-07-21,FTEC,277.0100
2026-07-21,FUTY,57.9500
2026-07-21,FVAL,79.8000
2026-07-21,ONEQ,101.7400
2026-07-22,FBCG,60.9300
2026-07-22,FBND,45.0200
2026-07-22,FCOM,69.9800
2026-07-22,FDIS,100.3700
2026-07-22,FDLO,69.7800
2026-07-22,FDVV,62.5000
2026-07-22,FENY,32.9500
2026-07-22,FHLC,77.5000
2026-07-22,FIDU,95.3800
2026-07-22,FIGB,42.3900
2026-07-22,FIVA,38.8700
2026-07-22,FMAT,57.7900
2026-07-22,FNCL,79.8900
2026-07-22,FQAL,81.8200
2026-07-22,FREL,30.0900
2026-07-22,FSTA,53.1400
2026-07-22,FTEC,276.2300
2026-07-22,FUTY,59.2300
2026-07-22,FVAL,79.8900
2026-07-22,ONEQ,101.2000
2026-07-23,FBCG,59.6800
2026-07-23,FBND,44.9300
2026-07-23,FCOM,67.5700
2026-07-23,FDIS,96.1200
2026-07-23,FDLO,69.2900
2026-07-23,FDVV,61.8100
2026-07-23,FENY,33.0700
2026-07-23,FHLC,78.4000
2026-07-23,FIDU,96.7700
2026-07-23,FIGB,42.2400
2026-07-23,FIVA,38.4400
2026-07-23,FMAT,57.2400
2026-07-23,FNCL,79.5200
2026-07-23,FQAL,81.2000
2026-07-23,FREL,29.9700
2026-07-23,FSTA,52.4100
2026-07-23,FTEC,273.3000
2026-07-23,FUTY,59.5000
2026-07-23,FVAL,78.9200
2026-07-23,ONEQ,98.9600
2026-07-24,FBCG,59.1600
2026-07-24,FBND,44.9700
2026-07-24,FCOM,67.9200
2026-07-24,FDIS,96.6200
2026-07-24,FDLO,70.1000
2026-07-24,FDVV,62.4000
2026-07-24,FENY,33.1000
2026-07-24,FHLC,78.8400
2026-07-24,FIDU,96.8400
2026-07-24,FIGB,42.3700
2026-07-24,FIVA,38.5400
2026-07-24,FMAT,57.9500
2026-07-24,FNCL,80.2200
2026-07-24,FQAL,81.5400
2026-07-24,FREL,30.5900
2026-07-24,FSTA,52.9400
2026-07-24,FTEC,270.5200
2026-07-24,FUTY,59.5200
2026-07-24,FVAL,79.2430
2026-07-24,ONEQ,98.3500
2026-07-27,FBCG,58.8200
2026-07-27,FBND,45.0700
2026-07-27,FCOM,68.7400
2026-07-27,FDIS,97.8900
2026-07-27,FDLO,70.6100
2026-07-27,FDVV,62.6500
2026-07-27,FENY,32.3800
2026-07-27,FHLC,79.2600
2026-07-27,FIDU,97.0800
2026-07-27,FIGB,42.4500
2026-07-27,FIVA,38.6880
2026-07-27,FMAT,58.1200
2026-07-27,FNCL,81.0400
2026-07-27,FQAL,81.7400
2026-07-27,FREL,30.5300
2026-07-27,FSTA,53.7800
2026-07-27,FTEC,268.4400
2026-07-27,FUTY,58.7800
2026-07-27,FVAL,79.6200
2026-07-27,ONEQ,98.1900
2026-07-28,FBCG,58.5100
2026-07-28,FBND,45.1600
2026-07-28,FCOM,69.8900
2026-07-28,FDIS,99.3500
2026-07-28,FDLO,71.5800
2026-07-28,FDVV,63.2700
2026-07-28,FENY,31.8900
2026-07-28,FHLC,81.0000
2026-07-28,FIDU,96.5900
2026-07-28,FIGB,42.5400
2026-07-28,FIVA,38.5600
2026-07-28,FMAT,58.8900
2026-07-28,FNCL,82.0200
2026-07-28,FQAL,82.1900
2026-07-28,FREL,30.6650
2026-07-28,FSTA,54.8900
2026-07-28,FTEC,264.6300
2026-07-28,FUTY,58.5700
2026-07-28,FVAL,80.4000
2026-07-28,ONEQ,98.0000
2026-07-29,FBCG,57.4200
2026-07-29,FBND,44.9800
2026-07-29,FCOM,69.7300
2026-07-29,FDIS,98.6200
2026-07-29,FDLO,71.2300
2026-07-29,FDVV,62.5800
2026-07-29,FENY,32.4800
2026-07-29,FHLC,80.5000
2026-07-29,FIDU,93.3200
2026-07-29,FIGB,42.4250
2026-07-29,FIVA,38.3300
2026-07-29,FMAT,58.1100
2026-07-29,FNCL,80.8200
2026-07-29,FQAL,81.2800
2026-07-29,FREL,30.6050
2026-07-29,FSTA,54.9700
2026-07-29,FTEC,258.1400
2026-07-29,FUTY,57.7700
2026-07-29,FVAL,79.3700
2026-07-29,ONEQ,96.2600
2026-07-30,FBCG,59.1000
2026-07-30,FBND,44.8400
2026-07-30,FCOM,67.8600
2026-07-30,FDIS,98.9200
2026-07-30,FDLO,71.4100
2026-07-30,FDVV,62.7800
2026-07-30,FENY,32.7100
2026-07-30,FHLC,79.4400
2026-07-30,FIDU,94.4400
2026-07-30,FIGB,42.2650
2026-07-30,FIVA,39.2800
2026-07-30,FMAT,58.3400
2026-07-30,FNCL,81.1900
2026-07-30,FQAL,81.8400
2026-07-30,FREL,30.2400
2026-07-30,FSTA,53.9100
2026-07-30,FTEC,271.0600
2026-07-30,FUTY,57.4900
2026-07-30,FVAL,80.0100
2026-07-30,ONEQ,98.8000
2026-07-31,FBCG,59.7800
2026-07-31,FBND,44.7200
2026-07-31,FCOM,68.6600
2026-07-31,FDIS,101.5200
2026-07-31,FDLO,71.7800
2026-07-31,FDVV,62.5600
2026-07-31,FENY,33.0500
2026-07-31,FHLC,78.7500
2026-07-31,FIDU,95.2200
2026-07-31,FIGB,42.0850
2026-07-31,FIVA,39.1000
2026-07-31,FMAT,56.9800
2026-07-31,FNCL,81.0600
2026-07-31,FQAL,82.2300
2026-07-31,FREL,30.0500
2026-07-31,FSTA,53.6600
2026-07-31,FTEC,270.1000
2026-07-31,FUTY,57.0900
2026-07-31,FVAL,80.4700
2026-07-31,ONEQ,100.0300
2026-08-03,FBCG,61.1000
2026-08-03,FBND,44.8300
2026-08-03,FCOM,71.0600
2026-08-03,FDIS,103.6700
2026-08-03,FDLO,72.2700
2026-08-03,FDVV,63.0100
2026-08-03,FENY,32.6300
2026-08-03,FHLC,78.7200
2026-08-03,FIDU,97.1400
2026-08-03,FIGB,42.2100
2026-08-03,FIVA,39.4800
2026-08-03,FMAT,57.8200
2026-08-03,FNCL,81.8100
2026-08-03,FQAL,82.9200
2026-08-03,FREL,30.0900
2026-08-03,FSTA,53.5600
2026-08-03,FTEC,274.7300
2026-08-03,FUTY,57.1800
2026-08-03,FVAL,81.5700
2026-08-03,ONEQ,102.0700
2026-08-04,FBCG,62.5900
2026-08-04,FBND,45.0200
2026-08-04,FCOM,71.6600
2026-08-04,FDIS,104.1000
2026-08-04,FDLO,73.1200
2026-08-04,FDVV,63.9600
2026-08-04,FENY,32.5000
2026-08-04,FHLC,78.8600
2026-08-04,FIDU,98.9800
2026-08-04,FIGB,42.3900
2026-08-04,FIVA,39.8250
2026-08-04,FMAT,59.1000
2026-08-04,FNCL,82.5100
2026-08-04,FQAL,84.4500
2026-08-04,FREL,30.0700
2026-08-04,FSTA,53.9000
2026-08-04,FTEC,286.7700
2026-08-04,FUTY,56.8800
2026-08-04,FVAL,82.8300
2026-08-04,ONEQ,104.7800
2026-08-05,FBCG,62.6600
2026-08-05,FBND,45.0600
2026-08-05,FCOM,70.4300
2026-08-05,FDIS,104.1400
2026-08-05,FDLO,72.9100
2026-08-05,FDVV,63.9800
2026-08-05,FENY,31.7900
2026-08-05,FHLC,79.7200
2026-08-05,FIDU,98.8900
2026-08-05,FIGB,42.3800
2026-08-05,FIVA,39.8100
2026-08-05,FMAT,60.0500
2026-08-05,FNCL,82.6700
2026-08-05,FQAL,84.4800
2026-08-05,FREL,30.0600
2026-08-05,FSTA,53.8500
2026-08-05,FTEC,285.7100
2026-08-05,FUTY,56.2800
2026-08-05,FVAL,82.8300
2026-08-05,ONEQ,103.8800
2026-08-06,FBCG,62.1300
2026-08-06,FBND,44.9200
2026-08-06,FCOM,70.3300
2026-08-06,FDIS,103.2200
2026-08-06,FDLO,73.2400
2026-08-06,FDVV,63.6700
2026-08-06,FENY,32.3000
2026-08-06,FHLC,79.8400
2026-08-06,FIDU,98.1700
2026-08-06,FIGB,42.2650
2026-08-06,FIVA,39.8000
2026-08-06,FMAT,59.5500
2026-08-06,FNCL,82.2800
2026-08-06,FQAL,84.4100
2026-08-06,FREL,29.8000
2026-08-06,FSTA,53.7700
2026-08-06,FTEC,285.4500
2026-08-06,FUTY,55.9900
2026-08-06,FVAL,82.6960
2026-08-06,ONEQ,103.8400
2026-08-07,FBCG,62.7400
2026-08-07,FBND,45.0000
2026-08-07,FCOM,70.7700
2026-08-07,FDIS,104.6800
2026-08-07,FDLO,73.4500
2026-08-07,FDVV,64.2000
2026-08-07,FENY,31.9500
2026-08-07,FHLC,80.6700
2026-08-07,FIDU,98.6100
2026-08-07,FIGB,42.3700
2026-08-07,FIVA,40.1430
2026-08-07,FMAT,60.4800
2026-08-07,FNCL,82.0300
2026-08-07,FQAL,85.0400
2026-08-07,FREL,29.9100
2026-08-07,FSTA,53.8700
2026-08-07,FTEC,289.8400
2026-08-07,FUTY,56.3600
2026-08-07,FVAL,83.3480
2026-08-07,ONEQ,105.1800
2026-08-10,FBCG,62.4100
2026-08-10,FBND,44.8600
2026-08-10,FCOM,71.1100
2026-08-10,FDIS,104.4000
2026-08-10,FDLO,73.6400
2026-08-10,FDVV,63.7800
2026-08-10,FENY,33.4500
2026-08-10,FHLC,81.9000
2026-08-10,FIDU,98.0500
2026-08-10,FIGB,42.1900
2026-08-10,FIVA,39.8500
2026-08-10,FMAT,60.8600
2026-08-10,FNCL,82.1800
2026-08-10,FQAL,84.8600
2026-08-10,FREL,29.4800
2026-08-10,FSTA,53.7100
2026-08-10,FTEC,286.9900
2026-08-10,FUTY,55.7600
2026-08-10,FVAL,83.1900
2026-08-10,ONEQ,104.7900
2026-08-11,FBCG,62.1300
2026-08-11,FBND,44.8900
2026-08-11,FCOM,70.4400
2026-08-11,FDIS,104.1600
2026-08-11,FDLO,73.1280
2026-08-11,FDVV,63.6000
2026-08-11,FENY,33.8200
2026-08-11,FHLC,81.6100
2026-08-11,FIDU,98.6700
2026-08-11,FIGB,42.2350
2026-08-11,FIVA,39.8810
2026-08-11,FMAT,60.8800
2026-08-11,FNCL,82.2800
2026-08-11,FQAL,84.6400
2026-08-11,FREL,29.2900
2026-08-11,FSTA,53.6200
2026-08-11,FTEC,286.7900
2026-08-11,FUTY,56.3800
2026-08-11,FVAL,82.7800
2026-08-11,ONEQ,104.1600
2026-08-12,FBCG,62.6300
2026-08-12,FBND,44.9100
2026-08-12,FCOM,69.9500
2026-08-12,FDIS,103.0600
2026-08-12,FDLO,72.9600
2026-08-12,FDVV,63.8300
2026-08-12,FENY,33.8900
2026-08-12,FHLC,81.8900
2026-08-12,FIDU,98.8800
2026-08-12,FIGB,42.2700
2026-08-12,FIVA,40.0200
2026-08-12,FMAT,60.2200
2026-08-12,FNCL,82.4600
2026-08-12,FQAL,84.9400
2026-08-12,FREL,29.5400
2026-08-12,FSTA,53.8200
2026-08-12,FTEC,290.2000
2026-08-12,FUTY,56.6400
2026-08-12,FVAL,82.7600
2026-08-12,ONEQ,104.7100
2026-08-13,FBCG,63.2500
2026-08-13,FBND,45.0400
2026-08-13,FCOM,71.2300
2026-08-13,FDIS,103.5700
2026-08-13,FDLO,73.1300
2026-08-13,FDVV,64.3300
2026-08-13,FENY,33.8900
2026-08-13,FHLC,81.7300
2026-08-13,FIDU,98.8300
2026-08-13,FIGB,42.4200
2026-08-13,FIVA,40.1700
2026-08-13,FMAT,59.7800
2026-08-13,FNCL,83.0700
2026-08-13,FQAL,85.4700
2026-08-13,FREL,29.9300
2026-08-13,FSTA,54.3000
2026-08-13,FTEC,293.4400
2026-08-13,FUTY,56.8700
2026-08-13,FVAL,83.4100
2026-08-13,ONEQ,105.6300
2026-08-14,FBCG,63.1200
2026-08-14,FBND,44.9500
2026-08-14,FCOM,71.4400
2026-08-14,FDIS,103.4300
2026-08-14,FDLO,72.8600
2026-08-14,FDVV,64.2000
2026-08-14,FENY,34.3700
2026-08-14,FHLC,81.3400
2026-08-14,FIDU,99.3000
2026-08-14,FIGB,42.2950
2026-08-14,FIVA,40.1900
2026-08-14,FMAT,60.1800
2026-08-14,FNCL,83.0400
2026-08-14,FQAL,85.1140
2026-08-14,FREL,30.0100
2026-08-14,FSTA,54.3500
2026-08-14,FTEC,292.5000
2026-08-14,FUTY,57.2000
2026-08-14,FVAL,83.2100
2026-08-14,ONEQ,105.3200
2026-08-17,FBCG,63.1400
2026-08-17,FBND,44.8600
2026-08-17,FCOM,70.1900
2026-08-17,FDIS,102.1300
2026-08-17,FDLO,72.2900
2026-08-17,FDVV,63.6400
2026-08-17,FENY,34.7400
2026-08-17,FHLC,81.2900
2026-08-17,FIDU,99.1900
2026-08-17,FIGB,42.2100
2026-08-17,FIVA,40.2800
2026-08-17,FMAT,59.9800
2026-08-17,FNCL,82.2200
2026-08-17,FQAL,84.6650
2026-08-17,FREL,29.7500
2026-08-17,FSTA,53.6200
2026-08-17,FTEC,292.3600
2026-08-17,FUTY,57.0100
2026-08-17,FVAL,82.6440
2026-08-17,ONEQ,105.0400
2026-08-18,FBCG,61.8400
2026-08-18,FBND,44.9000
2026-08-18,FCOM,69.6400
2026-08-18,FDIS,101.5600
2026-08-18,FDLO,72.4740
2026-08-18,FDVV,63.5800
2026-08-18,FENY,35.2400
2026-08-18,FHLC,82.3700
2026-08-18,FIDU,97.4700
2026-08-18,FIGB,42.3200
2026-08-18,FIVA,39.8200
2026-08-18,FMAT,59.2000
2026-08-18,FNCL,82.4100
2026-08-18,FQAL,84.4810
2026-08-18,FREL,29.6400
2026-08-18,FSTA,54.0600
2026-08-18,FTEC,285.8200
2026-08-18,FUTY,56.7900
2026-08-18,FVAL,82.4450
2026-08-18,ONEQ,103.5800
2026-08-19,FBCG,61.8200
2026-08-19,FBND,45.1000
2026-08-19,FCOM,70.1000
2026-08-19,FDIS,103.6600
2026-08-19,FDLO,72.9110
2026-08-19,FDVV,63.6100
2026-08-19,FENY,35.2200
2026-08-19,FHLC,85.1900
2026-08-19,FIDU,96.6300
2026-08-19,FIGB,42.4130
2026-08-19,FIVA,39.8500
2026-08-19,FMAT,60.2000
2026-08-19,FNCL,81.9100
2026-08-19,FQAL,84.7400
2026-08-19,FREL,29.9500
2026-08-19,FSTA,54.6200
2026-08-19,FTEC,283.5300
2026-08-19,FUTY,56.8400
2026-08-19,FVAL,82.9030
2026-08-19,ONEQ,103.7500
2026-08-20,FBCG,61.2600
2026-08-20,FBND,44.9500
2026-08-20,FCOM,69.7100
2026-08-20,FDIS,101.8900
2026-08-20,FDLO,72.4000
2026-08-20,FDVV,63.0500
2026-08-20,FENY,35.3500
2026-08-20,FHLC,83.6400
2026-08-20,FIDU,95.3800
2026-08-20,FIGB,42.3000
2026-08-20,FIVA,39.8000
2026-08-20,FMAT,60.0200
2026-08-20,FNCL,81.1700
2026-08-20,FQAL,84.1400
2026-08-20,FREL,29.9400
2026-08-20,FSTA,53.6400
2026-08-20,FTEC,282.3500
2026-08-20,FUTY,56.5100
2026-08-20,FVAL,82.2600
2026-08-20,ONEQ,102.7200
2026-08-21,FBCG,61.5300
2026-08-21,FBND,44.9000
2026-08-21,FCOM,70.2100
2026-08-21,FDIS,103.1600
2026-08-21,FDLO,72.6500
2026-08-21,FDVV,63.1300
2026-08-21,FENY,35.3200
2026-08-21,FHLC,84.6600
2026-08-21,FIDU,95.6300
2026-08-21,FIGB,42.2400
2026-08-21,FIVA,40.2000
2026-08-21,FMAT,61.2800
2026-08-21,FNCL,81.9300
2026-08-21,FQAL,84.5600
2026-08-21,FREL,29.9000
2026-08-21,FSTA,54.0400
2026-08-21,FTEC,282.6200
2026-08-21,FUTY,55.2500
2026-08-21,FVAL,82.5700
2026-08-21,ONEQ,103.1400
2026-08-24,FBCG,60.8600
2026-08-24,FBND,44.9800
2026-08-24,FCOM,70.7900
2026-08-24,FDIS,103.2800
2026-08-24,FDLO,73.0610
2026-08-24,FDVV,63.1900
2026-08-24,FENY,35.0200
2026-08-24,FHLC,84.6100
2026-08-24,FIDU,94.8400
2026-08-24,FIGB,42.3200
2026-08-24,FIVA,40.1900
2026-08-24,FMAT,61.2000
2026-08-24,FNCL,82.8000
2026-08-24,FQAL,84.4860
2026-08-24,FREL,30.0800
2026-08-24,FSTA,54.9200
2026-08-24,FTEC,277.7900
2026-08-24,FUTY,55.7900
2026-08-24,FVAL,82.4550
2026-08-24,ONEQ,102.4000
2026-08-25,FBCG,61.3400
2026-08-25,FBND,45.1900
2026-08-25,FCOM,71.3600
2026-08-25,FDIS,102.9100
2026-08-25,FDLO,73.0010
2026-08-25,FDVV,63.3000
2026-08-25,FENY,34.4700
2026-08-25,FHLC,85.0100
2026-08-25,FIDU,94.5100
2026-08-25,FIGB,42.5250
2026-08-25,FIVA,40.3800
2026-08-25,FMAT,61.5500
2026-08-25,FNCL,82.9200
2026-08-25,FQAL,84.6400
2026-08-25,FREL,30.1300
2026-08-25,FSTA,54.4300
2026-08-25,FTEC,280.4100
2026-08-25,FUTY,55.9300
2026-08-25,FVAL,82.4600
2026-08-25,ONEQ,103.0100
2026-08-26,FBCG,61.4200
2026-08-26,FBND,45.1200
2026-08-26,FCOM,70.9600
2026-08-26,FDIS,102.3200
2026-08-26,FDLO,72.9770
2026-08-26,FDVV,63.2100
2026-08-26,FENY,34.6100
2026-08-26,FHLC,84.3200
2026-08-26,FIDU,95.5200
2026-08-26,FIGB,42.4700
2026-08-26,FIVA,40.1300
2026-08-26,FMAT,61.5100
2026-08-26,FNCL,82.8200
2026-08-26,FQAL,84.6800
2026-08-26,FREL,29.9350
2026-08-26,FSTA,54.1900
2026-08-26,FTEC,281.6600
2026-08-26,FUTY,56.1500
2026-08-26,FVAL,82.3000
2026-08-26,ONEQ,102.9600
2026-08-27,FBCG,62.3300
2026-08-27,FBND,45.0900
2026-08-27,FCOM,70.3200
2026-08-27,FDIS,101.2900
2026-08-27,FDLO,72.8000
2026-08-27,FDVV,63.3300
2026-08-27,FENY,34.5900
2026-08-27,FHLC,83.4800
2026-08-27,FIDU,94.9100
2026-08-27,FIGB,42.4500
2026-08-27,FIVA,40.0000
2026-08-27,FMAT,61.2700
2026-08-27,FNCL,82.4300
2026-08-27,FQAL,85.0300
2026-08-27,FREL,29.6400
2026-08-27,FSTA,53.4300
2026-08-27,FTEC,291.0500
2026-08-27,FUTY,55.7500
2026-08-27,FVAL,82.8010
2026-08-27,ONEQ,104.5200
2026-08-28,FBCG,61.8100
2026-08-28,FBND,44.7700
2026-08-28,FCOM,71.1800
2026-08-28,FDIS,102.2900
2026-08-28,FDLO,73.1000
2026-08-28,FDVV,63.2200
2026-08-28,FENY,34.7300
2026-08-28,FHLC,83.0000
2026-08-28,FIDU,93.7800
2026-08-28,FIGB,42.1750
2026-08-28,FIVA,39.8100
2026-08-28,FMAT,61.0100
2026-08-28,FNCL,82.6300
2026-08-28,FQAL,84.8400
2026-08-28,FREL,29.5300
2026-08-28,FSTA,53.6800
2026-08-28,FTEC,286.6000
2026-08-28,FUTY,55.1400
2026-08-28,FVAL,82.6700
2026-08-28,ONEQ,104.0600
2026-08-31,FBCG,61.6100
2026-08-31,FBND,44.7500
2026-08-31,FCOM,70.3800
2026-08-31,FDIS,101.6100
2026-08-31,FDLO,72.6300
2026-08-31,FDVV,62.7600
2026-08-31,FENY,35.4500
2026-08-31,FHLC,82.7300
2026-08-31,FIDU,92.8200
2026-08-31,FIGB,42.1400
2026-08-31,FIVA,39.7400
2026-08-31,FMAT,60.4600
2026-08-31,FNCL,82.0600
2026-08-31,FQAL,84.6900
2026-08-31,FREL,29.2600
2026-08-31,FSTA,53.4700
2026-08-31,FTEC,287.5600
2026-08-31,FUTY,54.5800
2026-08-31,FVAL,82.4900
2026-08-31,ONEQ,103.8900
2026-09-01,FBCG,60.8500
2026-09-01,FBND,44.6200
2026-09-01,FCOM,70.0400
2026-09-01,FDIS,99.8500
2026-09-01,FDLO,72.4400
2026-09-01,FDVV,62.4500
2026-09-01,FENY,35.9500
2026-09-01,FHLC,83.1100
2026-09-01,FIDU,91.5000
2026-09-01,FIGB,42.0400
2026-09-01,FIVA,39.5700
2026-09-01,FMAT,59.6400
2026-09-01,FNCL,81.2700
2026-09-01,FQAL,83.9700
2026-09-01,FREL,29.2300
2026-09-01,FSTA,53.5800
2026-09-01,FTEC,283.6800
2026-09-01,FUTY,54.9900
2026-09-01,FVAL,82.2000
2026-09-01,ONEQ,102.8500
2026-09-02,FBCG,61.3400
2026-09-02,FBND,44.6700
2026-09-02,FCOM,71.1100
2026-09-02,FDIS,100.2200
2026-09-02,FDLO,72.5020
2026-09-02,FDVV,63.1200
2026-09-02,FENY,36.1100
2026-09-02,FHLC,83.8900
2026-09-02,FIDU,91.5600
2026-09-02,FIGB,42.0800
2026-09-02,FIVA,39.8400
2026-09-02,FMAT,60.5800
2026-09-02,FNCL,82.0000
2026-09-02,FQAL,84.3500
2026-09-02,FREL,29.0600
2026-09-02,FSTA,53.7400
2026-09-02,FTEC,284.2300
2026-09-02,FUTY,55.1200
2026-09-02,FVAL,82.7900
2026-09-02,ONEQ,103.3200
2026-09-03,FBCG,62.1200
2026-09-03,FBND,44.7100
2026-09-03,FCOM,71.9300
2026-09-03,FDIS,101.5800
2026-09-03,FDLO,73.0000
2026-09-03,FDVV,63.7500
2026-09-03,FENY,35.8500
2026-09-03,FHLC,84.0000
2026-09-03,FIDU,92.6300
2026-09-03,FIGB,42.1900
2026-09-03,FIVA,40.4050
2026-09-03,FMAT,60.3900
2026-09-03,FNCL,83.3300
2026-09-03,FQAL,85.1090
2026-09-03,FREL,29.3200
2026-09-03,FSTA,53.6000
2026-09-03,FTEC,288.4700
2026-09-03,FUTY,55.5300
2026-09-03,FVAL,83.5000
2026-09-03,ONEQ,104.7600
2026-09-04,FBCG,62.3600
2026-09-04,FBND,44.7100
2026-09-04,FCOM,71.3700
2026-09-04,FDIS,100.5700
2026-09-04,FDLO,72.3500
2026-09-04,FDVV,63.4400
2026-09-04,FENY,35.5400
2026-09-04,FHLC,83.1400
2026-09-04,FIDU,93.1400
2026-09-04,FIGB,42.0300
2026-09-04,FIVA,40.3600
2026-09-04,FMAT,60.2400
2026-09-04,FNCL,82.7400
2026-09-04,FQAL,84.6600
2026-09-04,FREL,29.1400
2026-09-04,FSTA,53.2300
2026-09-04,FTEC,289.3100
2026-09-04,FUTY,55.6300
2026-09-04,FVAL,83.0300
2026-09-04,ONEQ,104.4600
2026-09-08,FBCG,62.1600
2026-09-08,FBND,44.6700
2026-09-08,FCOM,71.2000
2026-09-08,FDIS,99.7300
2026-09-08,FDLO,71.5800
2026-09-08,FDVV,63.0200
2026-09-08,FENY,35.8700
2026-09-08,FHLC,81.3100
2026-09-08,FIDU,92.8300
2026-09-08,FIGB,42.0600
2026-09-08,FIVA,40.0400
2026-09-08,FMAT,59.7600
2026-09-08,FNCL,81.6000
2026-09-08,FQAL,83.9600
2026-09-08,FREL,29.0900
2026-09-08,FSTA,52.8300
2026-09-08,FTEC,288.9800
2026-09-08,FUTY,56.1600
2026-09-08,FVAL,82.2700
2026-09-08,ONEQ,104.1200
2026-09-09,FBCG,61.8400
2026-09-09,FBND,44.5600
2026-09-09,FCOM,71.0800
2026-09-09,FDIS,98.3300
2026-09-09,FDLO,71.3200
2026-09-09,FDVV,62.6400
2026-09-09,FENY,36.1700
2026-09-09,FHLC,80.9700
2026-09-09,FIDU,91.4700
2026-09-09,FIGB,41.9550
2026-09-09,FIVA,39.7200
2026-09-09,FMAT,59.1200
2026-09-09,FNCL,81.1400
2026-09-09,FQAL,83.4710
2026-09-09,FREL,28.7900
2026-09-09,FSTA,52.2200
2026-09-09,FTEC,288.5200
2026-09-09,FUTY,55.4700
2026-09-09,FVAL,81.9200
2026-09-09,ONEQ,103.5200
2026-09-10,FBCG,61.2000
2026-09-10,FBND,44.2600
2026-09-10,FCOM,71.3400
2026-09-10,FDIS,97.6600
2026-09-10,FDLO,71.3080
2026-09-10,FDVV,62.4400
2026-09-10,FENY,36.0000
2026-09-10,FHLC,80.4600
2026-09-10,FIDU,90.5400
2026-09-10,FIGB,41.5900
2026-09-10,FIVA,39.4100
2026-09-10,FMAT,58.2100
2026-09-10,FNCL,80.8900
2026-09-10,FQAL,83.0350
2026-09-10,FREL,28.5400
2026-09-10,FSTA,52.2300
2026-09-10,FTEC,285.4800
2026-09-10,FUTY,54.9100
2026-09-10,FVAL,81.6520
2026-09-10,ONEQ,102.8700
2026-09-11,FBCG,61.7100
2026-09-11,FBND,44.2400
2026-09-11,FCOM,72.0800
2026-09-11,FDIS,98.7500
2026-09-11,FDLO,72.0100
2026-09-11,FDVV,63.1800
2026-09-11,FENY,36.1000
2026-09-11,FHLC,80.3000
2026-09-11,FIDU,91.5800
2026-09-11,FIGB,41.6400
2026-09-11,FIVA,39.7900
2026-09-11,FMAT,58.4600
2026-09-11,FNCL,81.3700
2026-09-11,FQAL,83.6700
2026-09-11,FREL,28.7700
2026-09-11,FSTA,52.4800
2026-09-11,FTEC,289.0200
2026-09-11,FUTY,54.7000
2026-09-11,FVAL,82.3200
2026-09-11,ONEQ,103.7800
2026-09-14,ACWI,158.9600
2026-09-14,AGG,95.8900
2026-09-14,AVEM,93.1400
2026-09-14,AVUV,124.0200
2026-09-14,BIL,91.5000
2026-09-14,BIV,73.9900
2026-09-14,BND,71.1700
2026-09-14,BNDX,46.9300
2026-09-14,BSV,76.7200
2026-09-14,CGDV,49.0900
2026-09-14,DFAC,44.9500
2026-09-14,DGRO,78.2000
2026-09-14,DIA,524.4900
2026-09-14,DYNF,69.1500
2026-09-14,EEM,65.9900
2026-09-14,EFA,105.8500
2026-09-14,EFV,82.0000
2026-09-14,FBCG,61.0200
2026-09-14,FBND,44.2100
2026-09-14,FCOM,73.7500
2026-09-14,FDIS,98.5500
2026-09-14,FDLO,72.3800
2026-09-14,FDVV,62.8600
2026-09-14,FENY,35.7000
2026-09-14,FHLC,81.4400
2026-09-14,FIDU,90.2300
2026-09-14,FIGB,41.6600
2026-09-14,FIVA,39.6500
2026-09-14,FMAT,57.6600
2026-09-14,FNCL,81.1100
2026-09-14,FQAL,83.5000
2026-09-14,FREL,28.6100
2026-09-14,FSTA,53.0700
2026-09-14,FTEC,284.4400
2026-09-14,FUTY,53.9800
2026-09-14,FVAL,82.3180
2026-09-14,GDX,94.1400
2026-09-14,GLD,392.8400
2026-09-14,GLDM,84.7300
2026-09-14,GOVT,22.1400
2026-09-14,IAU,80.5400
2026-09-14,IBIT,44.7400
2026-09-14,IDEV,91.2100
2026-09-14,IEF,90.9300
2026-09-14,IEFA,98.6800
2026-09-14,IEMG,80.4000
2026-09-14,IJH,73.7900
2026-09-14,IJR,141.2600
2026-09-14,ITOT,166.3700
2026-09-14,IUSB,44.7500
2026-09-14,IUSG,188.7000
2026-09-14,IVE,234.9600
2026-09-14,IVV,764.4800
2026-09-14,IVW,138.3200
2026-09-14,IWB,416.0500
2026-09-14,IWD,255.3700
2026-09-14,IWF,121.2600
2026-09-14,IWM,287.9100
2026-09-14,IWR,109.5600
2026-09-14,IXUS,95.9500
2026-09-14,JAAA,50.6300
2026-09-14,JEPI,56.5100
2026-09-14,JEPQ,59.3500
2026-09-14,JPST,50.3500
2026-09-14,MBB,91.2200
2026-09-14,MGK,89.6100
2026-09-14,MUB,103.1100
2026-09-14,ONEQ,103.2800
2026-09-14,QQQ,709.1800
2026-09-14,QQQM,292.0200
2026-09-14,QUAL,220.1500
2026-09-14,RSP,215.0100
2026-09-14,SCHB,29.3300
2026-09-14,SCHD,34.3400
2026-09-14,SCHF,27.8200
2026-09-14,SCHG,35.2500
2026-09-14,SCHX,29.9900
2026-09-14,SGOV,100.5300
2026-09-14,SLV,56.8400
2026-09-14,SMH,541.5000
2026-09-14,SOXX,497.4000
2026-09-14,SPDW,50.9200
2026-09-14,SPY,760.8800
2026-09-14,SPYG,119.7800
2026-09-14,SPYM,89.3200
2026-09-14,SPYV,62.9400
2026-09-14,TLT,80.9300
2026-09-14,TQQQ,69.2700
2026-09-14,VB,292.3700
2026-09-14,VBR,241.6600
2026-09-14,VCIT,79.5400
2026-09-14,VCSH,77.6900
2026-09-14,VEA,71.7200
2026-09-14,VEU,84.0900
2026-09-14,VGIT,57.2800
2026-09-14,VGK,89.2300
2026-09-14,VGSH,57.6700
2026-09-14,VGT,119.1700
2026-09-14,VIG,238.5800
2026-09-14,VNQ,94.3300
2026-09-14,VO,80.6100
2026-09-14,VONG,124.8100
2026-09-14,VOO,699.3000
2026-09-14,VOOG,83.1600
2026-09-14,VT,158.7300
2026-09-14,VTEB,48.4100
2026-09-14,VTI,374.6800
2026-09-14,VTV,222.8900
2026-09-14,VUG,87.7100
2026-09-14,VV,350.8500
2026-09-14,VWO,59.6100
2026-09-14,VXF,236.9200
2026-09-14,VXUS,86.0400
2026-09-14,VYM,161.7300
2026-09-14,XLE,64.5300
2026-09-14,XLF,57.0300
2026-09-14,XLI,169.9300
2026-09-14,XLK,184.2800
2026-09-14,XLV,167.7500
2026-09-15,ACWI,158.2000
2026-09-15,AGG,95.8500
2026-09-15,AVEM,92.5400
2026-09-15,AVUV,123.9200
2026-09-15,BIL,91.5100
2026-09-15,BIV,73.9300
2026-09-15,BND,71.1500
2026-09-15,BNDX,46.8700
2026-09-15,BSV,76.7000
2026-09-15,CGDV,48.7000
2026-09-15,DFAC,44.7500
2026-09-15,DGRO,77.5900
2026-09-15,DIA,521.2300
2026-09-15,DYNF,68.7600
2026-09-15,EEM,65.7600
2026-09-15,EFA,105.4000
2026-09-15,EFV,81.6400
2026-09-15,FBCG,60.5250
2026-09-15,FBND,44.1900
2026-09-15,FCOM,73.1700
2026-09-15,FDIS,96.7200
2026-09-15,FDLO,71.8230
2026-09-15,FDVV,62.5500
2026-09-15,FENY,36.5100
2026-09-15,FHLC,81.3000
2026-09-15,FIDU,89.5800
2026-09-15,FIGB,41.6200
2026-09-15,FIVA,39.4400
2026-09-15,FMAT,57.8200
2026-09-15,FNCL,80.7800
2026-09-15,FQAL,83.2000
2026-09-15,FREL,28.5400
2026-09-15,FSTA,52.6700
2026-09-15,FTEC,283.4800
2026-09-15,FUTY,53.3900
2026-09-15,FVAL,81.8900
2026-09-15,GDX,94.1300
2026-09-15,GLD,394.1500
2026-09-15,GLDM,85.0000
2026-09-15,GOVT,22.1200
2026-09-15,IAU,80.7800
2026-09-15,IBIT,43.1100
2026-09-15,IDEV,90.8400
2026-09-15,IEF,90.8200
2026-09-15,IEFA,98.3000
2026-09-15,IEMG,80.1000
2026-09-15,IJH,73.2300
2026-09-15,IJR,140.0500
2026-09-15,ITOT,165.1400
2026-09-15,IUSB,44.7300
2026-09-15,IUSG,187.5000
2026-09-15,IVE,233.2500
2026-09-15,IVV,758.8800
2026-09-15,IVW,137.4400
2026-09-15,IWB,413.1900
2026-09-15,IWD,253.4900
2026-09-15,IWF,120.4500
2026-09-15,IWM,285.1400
2026-09-15,IWR,108.5600
2026-09-15,IXUS,95.5600
2026-09-15,JAAA,50.6400
2026-09-15,JEPI,56.1900
2026-09-15,JEPQ,59.0800
2026-09-15,JPST,50.3400
2026-09-15,MBB,91.2400
2026-09-15,MGK,89.0500
2026-09-15,MUB,102.8700
2026-09-15,ONEQ,102.4700
2026-09-15,QQQ,704.5400
2026-09-15,QQQM,290.0900
2026-09-15,QUAL,218.6800
2026-09-15,RSP,213.9600
2026-09-15,SCHB,29.1900
2026-09-15,SCHD,34.3300
2026-09-15,SCHF,27.7400
2026-09-15,SCHG,35.0100
2026-09-15,SCHX,29.8500
2026-09-15,SGOV,100.5300
2026-09-15,SLV,57.5300
2026-09-15,SMH,542.1100
2026-09-15,SOXX,498.8500
2026-09-15,SPDW,50.7700
2026-09-15,SPY,757.3900
2026-09-15,SPYG,119.1200
2026-09-15,SPYM,88.9200
2026-09-15,SPYV,62.7200
2026-09-15,TLT,80.7100
2026-09-15,TQQQ,67.9000
2026-09-15,VB,290.8900
2026-09-15,VBR,240.8500
2026-09-15,VCIT,79.5100
2026-09-15,VCSH,77.6500
2026-09-15,VEA,71.5300
2026-09-15,VEU,83.7800
2026-09-15,VGIT,57.2400
2026-09-15,VGK,88.9600
2026-09-15,VGSH,57.6600
2026-09-15,VGT,118.7900
2026-09-15,VIG,237.5000
2026-09-15,VNQ,94.1000
2026-09-15,VO,80.0500
2026-09-15,VONG,124.1300
2026-09-15,VOO,696.2000
2026-09-15,VOOG,82.7100
2026-09-15,VT,158.0300
2026-09-15,VTEB,48.2200
2026-09-15,VTI,372.8400
2026-09-15,VTV,222.7000
2026-09-15,VUG,87.0600
2026-09-15,VV,349.2100
2026-09-15,VWO,59.2200
2026-09-15,VXF,235.1500
2026-09-15,VXUS,85.6900
2026-09-15,VYM,161.4400
2026-09-15,XLE,65.9300
2026-09-15,XLF,56.8500
2026-09-15,XLI,168.8500
2026-09-15,XLK,183.7400
2026-09-15,XLV,167.6600
2026-09-16,ACWI,157.6100
2026-09-16,AGG,95.8100
2026-09-16,AVEM,92.4200
2026-09-16,AVUV,122.7200
2026-09-16,BIL,91.5100
2026-09-16,BIV,73.8800
2026-09-16,BND,71.1100
2026-09-16,BNDX,46.9700
2026-09-16,BSV,76.6300
2026-09-16,CGDV,48.5500
2026-09-16,DFAC,44.4800
2026-09-16,DGRO,76.8200
2026-09-16,DIA,515.2200
2026-09-16,DYNF,68.4400
2026-09-16,EEM,65.7200
2026-09-16,EFA,105.0200
2026-09-16,EFV,81.1800
2026-09-16,FBCG,60.7200
2026-09-16,FBND,44.1700
2026-09-16,FCOM,72.7100
2026-09-16,FDIS,96.1700
2026-09-16,FDLO,71.3600
2026-09-16,FDVV,62.1700
2026-09-16,FENY,35.4300
2026-09-16,FHLC,81.3000
2026-09-16,FIDU,89.5600
2026-09-16,FIGB,41.6100
2026-09-16,FIVA,39.1700
2026-09-16,FMAT,57.4300
2026-09-16,FNCL,79.4600
2026-09-16,FQAL,82.7670
2026-09-16,FREL,28.3400
2026-09-16,FSTA,52.4600
2026-09-16,FTEC,283.7900
2026-09-16,FUTY,53.3800
2026-09-16,FVAL,81.2970
2026-09-16,GDX,92.8000
2026-09-16,GLD,391.7400
2026-09-16,GLDM,84.5300
2026-09-16,GOVT,22.1100
2026-09-16,IAU,80.3200
2026-09-16,IBIT,43.0400
2026-09-16,IDEV,90.5200
2026-09-16,IEF,90.7300
2026-09-16,IEFA,97.9700
2026-09-16,IEMG,80.1100
2026-09-16,IJH,72.8000
2026-09-16,IJR,139.4600
2026-09-16,ITOT,164.3800
2026-09-16,IUSB,44.7100
2026-09-16,IUSG,187.2900
2026-09-16,IVE,231.2400
2026-09-16,IVV,755.6300
2026-09-16,IVW,137.3400
2026-09-16,IWB,411.4000
2026-09-16,IWD,251.1600
2026-09-16,IWF,120.5400
2026-09-16,IWM,283.9200
2026-09-16,IWR,107.8300
2026-09-16,IXUS,95.3100
2026-09-16,JAAA,50.6400
2026-09-16,JEPI,55.9300
2026-09-16,JEPQ,59.0900
2026-09-16,JPST,50.3500
2026-09-16,MBB,91.2300
2026-09-16,MGK,89.1200
2026-09-16,MUB,102.8200
2026-09-16,ONEQ,102.4700
2026-09-16,QQQ,704.7200
2026-09-16,QQQM,290.2000
2026-09-16,QUAL,217.3700
2026-09-16,RSP,212.2800
2026-09-16,SCHB,29.0700
2026-09-16,SCHD,33.8400
2026-09-16,SCHF,27.6300
2026-09-16,SCHG,34.9500
2026-09-16,SCHX,29.7300
2026-09-16,SGOV,100.5500
2026-09-16,SLV,57.0500
2026-09-16,SMH,545.5600
2026-09-16,SOXX,502.0600
2026-09-16,SPDW,50.6000
2026-09-16,SPY,754.0500
2026-09-16,SPYG,119.0000
2026-09-16,SPYM,88.5300
2026-09-16,SPYV,62.2000
2026-09-16,TLT,80.8800
2026-09-16,TQQQ,67.9300
2026-09-16,VB,288.9800
2026-09-16,VBR,238.8300
2026-09-16,VCIT,79.5500
2026-09-16,VCSH,77.6200
2026-09-16,VEA,71.2600
2026-09-16,VEU,83.5000
2026-09-16,VGIT,57.1700
2026-09-16,VGK,88.6300
2026-09-16,VGSH,57.6200
2026-09-16,VGT,118.9200
2026-09-16,VIG,235.7300
2026-09-16,VNQ,93.4800
2026-09-16,VO,79.5400
2026-09-16,VONG,124.2300
2026-09-16,VOO,693.2400
2026-09-16,VOOG,82.6300
2026-09-16,VT,157.4100
2026-09-16,VTEB,48.2300
2026-09-16,VTI,371.2600
2026-09-16,VTV,220.6400
2026-09-16,VUG,87.0600
2026-09-16,VV,347.8000
2026-09-16,VWO,59.1800
2026-09-16,VXF,234.3900
2026-09-16,VXUS,85.4100
2026-09-16,VYM,159.7800
2026-09-16,XLE,64.0300
2026-09-16,XLF,55.9300
2026-09-16,XLI,168.7100
2026-09-16,XLK,183.9300
2026-09-16,XLV,167.7700
2026-09-17,ACWI,159.5700
2026-09-17,AGG,96.3300
2026-09-17,AVEM,94.1000
2026-09-17,AVUV,122.5700
2026-09-17,BIL,91.5300
2026-09-17,BIV,74.2400
2026-09-17,BND,71.4700
2026-09-17,BNDX,47.1100
2026-09-17,BSV,76.7700
2026-09-17,CGDV,49.0100
2026-09-17,DFAC,44.8900
2026-09-17,DGRO,77.2000
2026-09-17,DIA,518.3500
2026-09-17,DYNF,69.2200
2026-09-17,EEM,66.9100
2026-09-17,EFA,106.0400
2026-09-17,EFV,81.9800
2026-09-17,FBCG,61.7900
2026-09-17,FBND,44.4000
2026-09-17,FCOM,72.6500
2026-09-17,FDIS,97.0600
2026-09-17,FDLO,71.6700
2026-09-17,FDVV,62.8000
2026-09-17,FENY,35.6300
2026-09-17,FHLC,81.9500
2026-09-17,FIDU,89.8700
2026-09-17,FIGB,41.7800
2026-09-17,FIVA,39.6300
2026-09-17,FMAT,57.7800
2026-09-17,FNCL,79.4100
2026-09-17,FQAL,83.5520
2026-09-17,FREL,28.4300
2026-09-17,FSTA,52.4300
2026-09-17,FTEC,290.0200
2026-09-17,FUTY,53.8800
2026-09-17,FVAL,82.2400
2026-09-17,GDX,95.9200
2026-09-17,GLD,398.3600
2026-09-17,GLDM,85.9500
2026-09-17,GOVT,22.2100
2026-09-17,IAU,81.6900
2026-09-17,IBIT,43.3000
2026-09-17,IDEV,91.3900
2026-09-17,IEF,91.2500
2026-09-17,IEFA,98.9300
2026-09-17,IEMG,81.5000
2026-09-17,IJH,73.2100
2026-09-17,IJR,139.5000
2026-09-17,ITOT,166.2100
2026-09-17,IUSB,44.9300
2026-09-17,IUSG,190.0700
2026-09-17,IVE,232.9300
2026-09-17,IVV,764.0800
2026-09-17,IVW,139.3700
2026-09-17,IWB,415.9200
2026-09-17,IWD,252.8200
2026-09-17,IWF,122.5300
2026-09-17,IWM,285.4300
2026-09-17,IWR,108.7100
2026-09-17,IXUS,96.4900
2026-09-17,JAAA,50.6500
2026-09-17,JEPI,56.2300
2026-09-17,JEPQ,59.9500
2026-09-17,JPST,50.3800
2026-09-17,MBB,91.8100
2026-09-17,MGK,90.5700
2026-09-17,MUB,103.1600
2026-09-17,ONEQ,104.1900
2026-09-17,QQQ,716.9200
2026-09-17,QQQM,295.2000
2026-09-17,QUAL,218.9500
2026-09-17,RSP,213.3100
2026-09-17,SCHB,29.3900
2026-09-17,SCHD,33.8900
2026-09-17,SCHF,27.9700
2026-09-17,SCHG,35.4000
2026-09-17,SCHX,30.0700
2026-09-17,SGOV,100.5600
2026-09-17,SLV,58.9700
2026-09-17,SMH,560.6100
2026-09-17,SOXX,519.1000
2026-09-17,SPDW,51.1900
2026-09-17,SPY,762.6000
2026-09-17,SPYG,120.7900
2026-09-17,SPYM,89.5500
2026-09-17,SPYV,62.6300
2026-09-17,TLT,81.7800
2026-09-17,TQQQ,71.3800
2026-09-17,VB,290.9100
2026-09-17,VBR,239.5800
2026-09-17,VCIT,79.9800
2026-09-17,VCSH,77.8000
2026-09-17,VEA,72.1500
2026-09-17,VEU,84.5100
2026-09-17,VGIT,57.4000
2026-09-17,VGK,89.3700
2026-09-17,VGSH,57.6700
2026-09-17,VGT,121.4800
2026-09-17,VIG,237.1200
2026-09-17,VNQ,93.8100
2026-09-17,VO,80.1500
2026-09-17,VONG,126.3000
2026-09-17,VOO,701.0300
2026-09-17,VOOG,83.8600
2026-09-17,VT,159.2200
2026-09-17,VTEB,48.3900
2026-09-17,VTI,375.3400
2026-09-17,VTV,221.7800
2026-09-17,VUG,88.4300
2026-09-17,VV,351.6800
2026-09-17,VWO,59.9100
2026-09-17,VXF,236.2100
2026-09-17,VXUS,86.5000
2026-09-17,VYM,160.6000
2026-09-17,XLE,64.4800
2026-09-17,XLF,55.8800
2026-09-17,XLI,169.0100
2026-09-17,XLK,188.0600
2026-09-17,XLV,168.8100
2026-09-18,ACWI,159.2900
2026-09-18,AGG,95.9600
2026-09-18,AVEM,94.2500
2026-09-18,AVUV,121.9600
2026-09-18,BIL,91.5500
2026-09-18,BIV,73.9600
2026-09-18,BND,71.2000
2026-09-18,BNDX,47.0500
2026-09-18,BSV,76.6500
2026-09-18,CGDV,48.9600
2026-09-18,DFAC,44.8500
2026-09-18,DGRO,76.8900
2026-09-18,DIA,515.8800
2026-09-18,DYNF,69.2800
2026-09-18,EEM,67.0300
2026-09-18,EFA,104.9700
2026-09-18,EFV,80.8200
2026-09-18,FBCG,62.2900
2026-09-18,FBND,44.2200
2026-09-18,FCOM,71.5100
2026-09-18,FDIS,96.4700
2026-09-18,FDLO,71.3500
2026-09-18,FDVV,62.0400
2026-09-18,FENY,35.2900
2026-09-18,FHLC,81.4200
2026-09-18,FIDU,89.9000
2026-09-18,FIGB,41.6200
2026-09-18,FIVA,38.9400
2026-09-18,FMAT,56.8900
2026-09-18,FNCL,79.1100
2026-09-18,FQAL,83.4150
2026-09-18,FREL,27.9300
2026-09-18,FSTA,51.8500
2026-09-18,FTEC,291.7500
2026-09-18,FUTY,52.7500
2026-09-18,FVAL,81.8220
2026-09-18,GDX,95.4800
2026-09-18,GLD,401.1700
2026-09-18,GLDM,86.5900
2026-09-18,GOVT,22.1300
2026-09-18,IAU,82.2300
2026-09-18,IBIT,46.0200
2026-09-18,IDEV,90.6000
2026-09-18,IEF,90.8000
2026-09-18,IEFA,97.9900
2026-09-18,IEMG,81.6600
2026-09-18,IJH,72.9800
2026-09-18,IJR,138.9000
2026-09-18,ITOT,166.3400
2026-09-18,IUSB,44.7700
2026-09-18,IUSG,191.0800
2026-09-18,IVE,231.8900
2026-09-18,IVV,764.9200
2026-09-18,IVW,140.1300
2026-09-18,IWB,416.0200
2026-09-18,IWD,251.7000
2026-09-18,IWF,123.2500
2026-09-18,IWM,284.1000
2026-09-18,IWR,108.2100
2026-09-18,IXUS,96.0100
2026-09-18,JAAA,50.6700
2026-09-18,JEPI,56.2400
2026-09-18,JEPQ,60.2400
2026-09-18,JPST,50.3700
2026-09-18,MBB,91.2900
2026-09-18,MGK,90.8900
2026-09-18,MUB,102.8800
2026-09-18,ONEQ,104.4200
2026-09-18,QQQ,721.4500
2026-09-18,QQQM,296.9100
2026-09-18,QUAL,219.1800
2026-09-18,RSP,212.2900
2026-09-18,SCHB,29.4100
2026-09-18,SCHD,33.6800
2026-09-18,SCHF,27.7300
2026-09-18,SCHG,35.4300
2026-09-18,SCHX,30.0700
2026-09-18,SGOV,100.5900
2026-09-18,SLV,59.9300
2026-09-18,SMH,573.0000
2026-09-18,SOXX,533.0700
2026-09-18,SPDW,50.7400
2026-09-18,SPY,761.6900
2026-09-18,SPYG,121.4700
2026-09-18,SPYM,89.6400
2026-09-18,SPYV,62.3600
2026-09-18,TLT,81.2500
2026-09-18,TQQQ,72.6400
2026-09-18,VB,289.6100
2026-09-18,VBR,237.7400
2026-09-18,VCIT,79.6900
2026-09-18,VCSH,77.6700
2026-09-18,VEA,71.3800
2026-09-18,VEU,83.8600
2026-09-18,VGIT,57.1800
2026-09-18,VGK,88.2100
2026-09-18,VGSH,57.6000
2026-09-18,VGT,122.3100
2026-09-18,VIG,237.0000
2026-09-18,VNQ,92.9100
2026-09-18,VO,80.0000
2026-09-18,VONG,126.9900
2026-09-18,VOO,701.7800
2026-09-18,VOOG,84.3500
2026-09-18,VT,158.5500
2026-09-18,VTEB,48.2700
2026-09-18,VTI,375.4300
2026-09-18,VTV,221.2500
2026-09-18,VUG,88.7500
2026-09-18,VV,352.1500
2026-09-18,VWO,60.0100
2026-09-18,VXF,235.1100
2026-09-18,VXUS,85.8800
2026-09-18,VYM,159.2600
2026-09-18,XLE,64.3100
2026-09-18,XLF,55.8600
2026-09-18,XLI,169.7500
2026-09-18,XLK,189.6000
2026-09-18,XLV,168.3900
2026-09-21,ACWI,161.8500
2026-09-21,AGG,96.2100
2026-09-21,AVEM,96.3300
2026-09-21,AVUV,121.4600
2026-09-21,BIL,91.5700
2026-09-21,BIV,74.1900
2026-09-21,BND,71.4000
2026-09-21,BNDX,47.2100
2026-09-21,BSV,76.7000
2026-09-21,CGDV,49.7200
2026-09-21,DFAC,45.3100
2026-09-21,DGRO,77.1000
2026-09-21,DIA,519.7800
2026-09-21,DYNF,70.3700
2026-09-21,EEM,68.8300
2026-09-21,EFA,106.1300
2026-09-21,EFV,81.5000
2026-09-21,FBCG,63.7800
2026-09-21,FBND,44.3300
2026-09-21,FCOM,74.4300
2026-09-21,FDIS,97.7000
2026-09-21,FDLO,71.9600
2026-09-21,FDVV,62.5400
2026-09-21,FENY,34.4600
2026-09-21,FHLC,81.9500
2026-09-21,FIDU,90.2600
2026-09-21,FIGB,41.7300
2026-09-21,FIVA,39.1800
2026-09-21,FMAT,56.8900
2026-09-21,FNCL,79.3500
2026-09-21,FQAL,84.4200
2026-09-21,FREL,28.2100
2026-09-21,FSTA,51.6400
2026-09-21,FTEC,299.4000
2026-09-21,FUTY,52.5500
2026-09-21,FVAL,82.5600
2026-09-21,GDX,94.4300
2026-09-21,GLD,398.3800
2026-09-21,GLDM,85.9600
2026-09-21,GOVT,22.1800
2026-09-21,IAU,81.6700
2026-09-21,IBIT,49.0100
2026-09-21,IDEV,91.4500
2026-09-21,IEF,91.1500
2026-09-21,IEFA,99.0600
2026-09-21,IEMG,83.7600
2026-09-21,IJH,73.2500
2026-09-21,IJR,139.2400
2026-09-21,ITOT,168.8100
2026-09-21,IUSB,44.8900
2026-09-21,IUSG,195.2900
2026-09-21,IVE,233.4500
2026-09-21,IVV,776.8600
2026-09-21,IVW,143.3700
2026-09-21,IWB,422.4800
2026-09-21,IWD,253.4500
2026-09-21,IWF,126.2500
2026-09-21,IWM,285.5800
2026-09-21,IWR,109.0000
2026-09-21,IXUS,97.4900
2026-09-21,JAAA,50.6800
2026-09-21,JEPI,56.6500
2026-09-21,JEPQ,61.0100
2026-09-21,JPST,50.3700
2026-09-21,MBB,91.5900
2026-09-21,MGK,93.3300
2026-09-21,MUB,102.8600
2026-09-21,ONEQ,106.8400
2026-09-21,QQQ,741.4700
2026-09-21,QQQM,305.2700
2026-09-21,QUAL,222.9300
2026-09-21,RSP,212.6800
2026-09-21,SCHB,29.8500
2026-09-21,SCHD,33.7200
2026-09-21,SCHF,28.1200
2026-09-21,SCHG,36.2700
2026-09-21,SCHX,30.5400
2026-09-21,SGOV,100.6000
2026-09-21,SLV,59.6300
2026-09-21,SMH,596.0300
2026-09-21,SOXX,559.3400
2026-09-21,SPDW,51.4200
2026-09-21,SPY,773.5000
2026-09-21,SPYG,124.1000
2026-09-21,SPYM,91.0300
2026-09-21,SPYV,62.5100
2026-09-21,TLT,81.8000
2026-09-21,TQQQ,78.9100
2026-09-21,VB,291.0900
2026-09-21,VBR,238.3800
2026-09-21,VCIT,79.9200
2026-09-21,VCSH,77.7500
2026-09-21,VEA,72.3000
2026-09-21,VEU,85.0900
2026-09-21,VGIT,57.3100
2026-09-21,VGK,89.2400
2026-09-21,VGSH,57.6300
2026-09-21,VGT,125.5600
2026-09-21,VIG,238.3500
2026-09-21,VNQ,93.8100
2026-09-21,VO,80.5600
2026-09-21,VONG,130.0800
2026-09-21,VOO,712.7800
2026-09-21,VOOG,86.2600
2026-09-21,VT,160.8900
2026-09-21,VTEB,48.2600
2026-09-21,VTI,381.1000
2026-09-21,VTV,221.9400
2026-09-21,VUG,91.0200
2026-09-21,VV,357.7900
2026-09-21,VWO,61.1400
2026-09-21,VXF,237.4400
2026-09-21,VXUS,87.1500
2026-09-21,VYM,159.4300
2026-09-21,XLE,62.4600
2026-09-21,XLF,55.9000
2026-09-21,XLI,169.9800
2026-09-21,XLK,194.8500
2026-09-21,XLV,169.0100
2026-09-22,ACWI,162.2000
2026-09-22,AGG,96.2500
2026-09-22,AVEM,96.7300
2026-09-22,AVUV,121.6100
2026-09-22,BIL,91.5700
2026-09-22,BIV,74.1900
2026-09-22,BND,71.4100
2026-09-22,BNDX,47.2600
2026-09-22,BSV,76.7300
2026-09-22,CGDV,49.6100
2026-09-22,DFAC,45.2100
2026-09-22,DGRO,76.9500
2026-09-22,DIA,518.0000
2026-09-22,DYNF,70.1500
2026-09-22,EEM,69.1000
2026-09-22,EFA,106.5000
2026-09-22,EFV,81.4000
2026-09-22,FBCG,64.2300
2026-09-22,FBND,44.3400
2026-09-22,FCOM,73.6800
2026-09-22,FDIS,97.9100
2026-09-22,FDLO,71.7000
2026-09-22,FDVV,62.2700
2026-09-22,FENY,34.1000
2026-09-22,FHLC,82.5000
2026-09-22,FIDU,90.4900
2026-09-22,FIGB,41.7500
2026-09-22,FIVA,39.3400
2026-09-22,FMAT,58.0300
2026-09-22,FNCL,77.8200
2026-09-22,FQAL,84.4200
2026-09-22,FREL,28.1400
2026-09-22,FSTA,52.1800
2026-09-22,FTEC,301.5200
2026-09-22,FUTY,52.4000
2026-09-22,FVAL,82.5700
2026-09-22,GDX,97.8300
2026-09-22,GLD,400.0700
2026-09-22,GLDM,86.3300
2026-09-22,GOVT,22.1900
2026-09-22,IAU,82.0300
2026-09-22,IBIT,48.8300
2026-09-22,IDEV,91.8800
2026-09-22,IEF,91.1600
2026-09-22,IEFA,99.4700
2026-09-22,IEMG,83.9000
2026-09-22,IJH,73.4700
2026-09-22,IJR,139.7000
2026-09-22,ITOT,168.8800
2026-09-22,IUSB,44.9200
2026-09-22,IUSG,195.5500
2026-09-22,IVE,233.1100
2026-09-22,IVV,776.8100
2026-09-22,IVW,143.5600
2026-09-22,IWB,422.4500
2026-09-22,IWD,252.6700
2026-09-22,IWF,126.7000
2026-09-22,IWM,287.2100
2026-09-22,IWR,109.0900
2026-09-22,IXUS,97.9000
2026-09-22,JAAA,50.6800
2026-09-22,JEPI,56.7400
2026-09-22,JEPQ,61.1700
2026-09-22,JPST,50.3700
2026-09-22,MBB,91.4500
2026-09-22,MGK,93.5200
2026-09-22,MUB,102.7500
2026-09-22,ONEQ,107.3200
2026-09-22,QQQ,747.4600
2026-09-22,QQQM,307.7800
2026-09-22,QUAL,223.0700
2026-09-22,RSP,212.8000
2026-09-22,SCHB,29.8600
2026-09-22,SCHD,33.7400
2026-09-22,SCHF,28.2500
2026-09-22,SCHG,36.3200
2026-09-22,SCHX,30.5400
2026-09-22,SGOV,100.6100
2026-09-22,SLV,60.7300
2026-09-22,SMH,607.4600
2026-09-22,SOXX,572.7800
2026-09-22,SPDW,51.7100
2026-09-22,SPY,773.3800
2026-09-22,SPYG,124.2400
2026-09-22,SPYM,91.0200
2026-09-22,SPYV,62.4100
2026-09-22,TLT,81.7500
2026-09-22,TQQQ,80.8300
2026-09-22,VB,292.3300
2026-09-22,VBR,238.7400
2026-09-22,VCIT,79.9500
2026-09-22,VCSH,77.7700
2026-09-22,VEA,72.7100
2026-09-22,VEU,85.4400
2026-09-22,VGIT,57.3200
2026-09-22,VGK,89.4300
2026-09-22,VGSH,57.6500
2026-09-22,VGT,126.4100
2026-09-22,VIG,238.0200
2026-09-22,VNQ,93.6200
2026-09-22,VO,80.4800
2026-09-22,VONG,130.5900
2026-09-22,VOO,712.7800
2026-09-22,VOOG,86.3700
2026-09-22,VT,161.2400
2026-09-22,VTEB,48.2000
2026-09-22,VTI,381.2700
2026-09-22,VTV,221.6600
2026-09-22,VUG,91.1200
2026-09-22,VV,357.8400
2026-09-22,VWO,61.1000
2026-09-22,VXF,238.7200
2026-09-22,VXUS,87.4900
2026-09-22,VYM,158.7100
2026-09-22,XLE,61.7800
2026-09-22,XLF,54.8000
2026-09-22,XLI,170.2700
2026-09-22,XLK,196.2700
2026-09-22,XLV,169.8900
2026-09-23,ACWI,160.2200
2026-09-23,AGG,95.4100
2026-09-23,AVEM,94.7400
2026-09-23,AVUV,120.3300
2026-09-23,BIL,91.5900
2026-09-23,BIV,73.4900
2026-09-23,BND,70.8100
2026-09-23,BNDX,46.9400
2026-09-23,BSV,76.4200
2026-09-23,CGDV,49.3000
2026-09-23,DFAC,44.9000
2026-09-23,DGRO,76.5100
2026-09-23,DIA,514.3000
2026-09-23,DYNF,69.6900
2026-09-23,EEM,67.7100
2026-09-23,EFA,104.8000
2026-09-23,EFV,80.1200
2026-09-23,FBCG,63.4200
2026-09-23,FBND,43.9500
2026-09-23,FCOM,72.8600
2026-09-23,FDIS,96.4800
2026-09-23,FDLO,71.1900
2026-09-23,FDVV,61.5600
2026-09-23,FENY,34.4000
2026-09-23,FHLC,81.7500
2026-09-23,FIDU,90.3800
2026-09-23,FIGB,41.3600
2026-09-23,FIVA,38.7400
2026-09-23,FMAT,57.4600
2026-09-23,FNCL,77.3200
2026-09-23,FQAL,83.7200
2026-09-23,FREL,27.7500
2026-09-23,FSTA,52.0100
2026-09-23,FTEC,299.8700
2026-09-23,FUTY,51.4600
2026-09-23,FVAL,81.5900
2026-09-23,GDX,93.5600
2026-09-23,GLD,392.8800
2026-09-23,GLDM,84.7500
2026-09-23,GOVT,22.0200
2026-09-23,IAU,80.5200
2026-09-23,IBIT,47.8800
2026-09-23,IDEV,90.3900
2026-09-23,IEF,90.1900
2026-09-23,IEFA,97.8200
2026-09-23,IEMG,82.2200
2026-09-23,IJH,73.0300
2026-09-23,IJR,138.1400
2026-09-23,ITOT,167.5400
2026-09-23,IUSB,44.5400
2026-09-23,IUSG,193.7800
2026-09-23,IVE,231.9200
2026-09-23,IVV,771.2100
2026-09-23,IVW,142.2100
2026-09-23,IWB,419.3500
2026-09-23,IWD,251.4200
2026-09-23,IWF,125.3900
2026-09-23,IWM,281.9200
2026-09-23,IWR,108.3200
2026-09-23,IXUS,96.1500
2026-09-23,JAAA,50.6800
2026-09-23,JEPI,56.5800
2026-09-23,JEPQ,61.1000
2026-09-23,JPST,50.3400
2026-09-23,MBB,90.5300
2026-09-23,MGK,92.7100
2026-09-23,MUB,102.0400
2026-09-23,ONEQ,106.1400
2026-09-23,QQQ,741.2100
2026-09-23,QQQM,305.1400
2026-09-23,QUAL,222.1400
2026-09-23,RSP,211.3100
2026-09-23,SCHB,29.5500
2026-09-23,SCHD,33.2800
2026-09-23,SCHF,27.7400
2026-09-23,SCHG,36.0000
2026-09-23,SCHX,30.2400
2026-09-23,SGOV,100.6200
2026-09-23,SLV,58.1600
2026-09-23,SMH,601.4100
2026-09-23,SOXX,565.7200
2026-09-23,SPDW,50.7500
2026-09-23,SPY,767.8100
2026-09-23,SPYG,123.0600
2026-09-23,SPYM,90.3700
2026-09-23,SPYV,62.1200
2026-09-23,TLT,80.4600
2026-09-23,TQQQ,78.6600
2026-09-23,VB,289.6700
2026-09-23,VBR,236.8300
2026-09-23,VCIT,79.1400
2026-09-23,VCSH,77.4200
2026-09-23,VEA,71.4200
2026-09-23,VEU,83.9700
2026-09-23,VGIT,56.8900
2026-09-23,VGK,88.0100
2026-09-23,VGSH,57.5200
2026-09-23,VGT,125.6000
2026-09-23,VIG,236.7700
2026-09-23,VNQ,91.4500
2026-09-23,VO,79.9300
2026-09-23,VONG,129.0700
2026-09-23,VOO,707.6000
2026-09-23,VOOG,85.4600
2026-09-23,VT,159.3300
2026-09-23,VTEB,47.9100
2026-09-23,VTI,378.2300
2026-09-23,VTV,220.6100
2026-09-23,VUG,90.2700
2026-09-23,VV,355.3600
2026-09-23,VWO,60.1200
2026-09-23,VXF,235.3600
2026-09-23,VXUS,85.9200
2026-09-23,VYM,157.6600
2026-09-23,XLE,62.3700
2026-09-23,XLF,54.5400
2026-09-23,XLI,170.1000
2026-09-23,XLK,195.3400
2026-09-23,XLV,168.8000
2026-09-24,ACWI,160.0800
2026-09-24,AGG,94.9500
2026-09-24,AVEM,94.2900
2026-09-24,AVUV,120.2100
2026-09-24,BIL,91.5800
2026-09-24,BIV,73.1400
2026-09-24,BND,70.4500
2026-09-24,BNDX,46.9000
2026-09-24,BSV,76.3500
2026-09-24,CGDV,49.2900
2026-09-24,DFAC,44.8300
2026-09-24,DGRO,76.1400
2026-09-24,DIA,512.6800
2026-09-24,DYNF,69.7200
2026-09-24,EEM,67.2500
2026-09-24,EFA,104.5000
2026-09-24,EFV,80.0700
2026-09-24,FBCG,63.4900
2026-09-24,FBND,43.7200
2026-09-24,FCOM,74.0700
2026-09-24,FDIS,96.0800
2026-09-24,FDLO,71.1400
2026-09-24,FDVV,61.2200
2026-09-24,FENY,34.5300
2026-09-24,FHLC,82.2500
2026-09-24,FIDU,89.6300
2026-09-24,FIGB,41.1900
2026-09-24,FIVA,38.4800
2026-09-24,FMAT,56.8600
2026-09-24,FNCL,77.2400
2026-09-24,FQAL,83.7700
2026-09-24,FREL,27.6450
2026-09-24,FSTA,51.5000
2026-09-24,FTEC,298.8500
2026-09-24,FUTY,51.0000
2026-09-24,FVAL,81.4800
2026-09-24,GDX,92.3500
2026-09-24,GLD,391.6900
2026-09-24,GLDM,84.5200
2026-09-24,GOVT,21.9500
2026-09-24,IAU,80.3000
2026-09-24,IBIT,47.8100
2026-09-24,IDEV,90.1100
2026-09-24,IEF,89.6900
2026-09-24,IEFA,97.4800
2026-09-24,IEMG,81.7000
2026-09-24,IJH,72.7300
2026-09-24,IJR,137.7800
2026-09-24,ITOT,167.4200
2026-09-24,IUSB,44.3200
2026-09-24,IUSG,193.9700
2026-09-24,IVE,231.2200
2026-09-24,IVV,770.6200
2026-09-24,IVW,142.3600
2026-09-24,IWB,419.0300
2026-09-24,IWD,250.7600
2026-09-24,IWF,125.6200
2026-09-24,IWM,281.6600
2026-09-24,IWR,108.0200
2026-09-24,IXUS,95.7700
2026-09-24,JAAA,50.6900
2026-09-24,JEPI,56.5300
2026-09-24,JEPQ,61.1100
2026-09-24,JPST,50.3300
2026-09-24,MBB,89.8600
2026-09-24,MGK,92.9900
2026-09-24,MUB,101.5900
2026-09-24,ONEQ,106.0900
2026-09-24,QQQ,741.1000
2026-09-24,QQQM,305.1400
2026-09-24,QUAL,222.5500
2026-09-24,RSP,210.2600
2026-09-24,SCHB,29.5200
2026-09-24,SCHD,33.1000
2026-09-24,SCHF,27.6200
2026-09-24,SCHG,36.0600
2026-09-24,SCHX,30.2200
2026-09-24,SGOV,100.6200
2026-09-24,SLV,57.6200
2026-09-24,SMH,600.5200
2026-09-24,SOXX,566.0700
2026-09-24,SPDW,50.5500
2026-09-24,SPY,767.1800
2026-09-24,SPYG,123.2700
2026-09-24,SPYM,90.2900
2026-09-24,SPYV,61.9300
2026-09-24,TLT,79.4200
2026-09-24,TQQQ,78.5800
2026-09-24,VB,288.8700
2026-09-24,VBR,235.4400
2026-09-24,VCIT,78.7000
2026-09-24,VCSH,77.2900
2026-09-24,VEA,71.0500
2026-09-24,VEU,83.5700
2026-09-24,VGIT,56.7100
2026-09-24,VGK,88.0700
2026-09-24,VGSH,57.4900
2026-09-24,VGT,125.1900
2026-09-24,VIG,235.9700
2026-09-24,VNQ,91.1700
2026-09-24,VO,79.7000
2026-09-24,VONG,129.3100
2026-09-24,VOO,706.9900
2026-09-24,VOOG,85.5600
2026-09-24,VT,159.0500
2026-09-24,VTEB,47.6900
2026-09-24,VTI,378.0800
2026-09-24,VTV,219.8800
2026-09-24,VUG,90.4500
2026-09-24,VV,355.0600
2026-09-24,VWO,59.8700
2026-09-24,VXF,234.9200
2026-09-24,VXUS,85.5900
2026-09-24,VYM,156.9200
2026-09-24,XLE,62.6000
2026-09-24,XLF,54.5300
2026-09-24,XLI,168.8300
2026-09-24,XLK,194.7100
2026-09-24,XLV,169.8700
2026-09-25,ACWI,161.0500
2026-09-25,AGG,95.1200
2026-09-25,AVEM,95.2300
2026-09-25,AVUV,120.4100
2026-09-25,BIL,91.6200
2026-09-25,BIV,73.3400
2026-09-25,BND,70.6300
2026-09-25,BNDX,46.9400
2026-09-25,BSV,76.5000
2026-09-25,CGDV,49.4600
2026-09-25,DFAC,45.0700
2026-09-25,DGRO,76.5700
2026-09-25,DIA,517.4900
2026-09-25,DYNF,70.0400
2026-09-25,EEM,67.9800
2026-09-25,EFA,105.5600
2026-09-25,EFV,80.8700
2026-09-25,FBCG,63.7800
2026-09-25,FBND,43.8200
2026-09-25,FCOM,73.3200
2026-09-25,FDIS,96.2800
2026-09-25,FDLO,71.4360
2026-09-25,FDVV,61.7000
2026-09-25,FENY,34.2100
2026-09-25,FHLC,82.6500
2026-09-25,FIDU,90.4000
2026-09-25,FIGB,41.2700
2026-09-25,FIVA,38.7700
2026-09-25,FMAT,57.1300
2026-09-25,FNCL,77.7300
2026-09-25,FQAL,84.1900
2026-09-25,FREL,27.6000
2026-09-25,FSTA,51.7600
2026-09-25,FTEC,301.2200
2026-09-25,FUTY,51.1700
2026-09-25,FVAL,81.9640
2026-09-25,GDX,92.8700
2026-09-25,GLD,393.4100
2026-09-25,GLDM,84.8900
2026-09-25,GOVT,21.9800
2026-09-25,IAU,80.6600
2026-09-25,IBIT,47.5700
2026-09-25,IDEV,90.8500
2026-09-25,IEF,90.0000
2026-09-25,IEFA,98.4600
2026-09-25,IEMG,82.5500
2026-09-25,IJH,72.9900
2026-09-25,IJR,138.2900
2026-09-25,ITOT,168.2400
2026-09-25,IUSB,44.4000
2026-09-25,IUSG,195.1400
2026-09-25,IVE,232.0400
2026-09-25,IVV,774.8300
2026-09-25,IVW,143.2800
2026-09-25,IWB,421.2300
2026-09-25,IWD,251.9300
2026-09-25,IWF,126.2500
2026-09-25,IWM,281.9700
2026-09-25,IWR,108.3000
2026-09-25,IXUS,96.7000
2026-09-25,JAAA,50.7000
2026-09-25,JEPI,56.7600
2026-09-25,JEPQ,61.2400
2026-09-25,JPST,50.3700
2026-09-25,MBB,90.3400
2026-09-25,MGK,93.3700
2026-09-25,MUB,101.1700
2026-09-25,ONEQ,106.6200
2026-09-25,QQQ,744.5000
2026-09-25,QQQM,306.5400
2026-09-25,QUAL,223.5900
2026-09-25,RSP,211.1100
2026-09-25,SCHB,29.6700
2026-09-25,SCHD,33.2100
2026-09-25,SCHF,27.9200
2026-09-25,SCHG,36.2600
2026-09-25,SCHX,30.3700
2026-09-25,SGOV,100.6600
2026-09-25,SLV,58.1400
2026-09-25,SMH,606.5600
2026-09-25,SOXX,572.6800
2026-09-25,SPDW,51.0700
2026-09-25,SPY,771.3500
2026-09-25,SPYG,124.0600
2026-09-25,SPYM,90.8000
2026-09-25,SPYV,62.1400
2026-09-25,TLT,79.3200
2026-09-25,TQQQ,79.6000
2026-09-25,VB,289.7000
2026-09-25,VBR,236.5100
2026-09-25,VCIT,78.8400
2026-09-25,VCSH,77.4000
2026-09-25,VEA,71.8400
2026-09-25,VEU,84.3800
2026-09-25,VGIT,56.9000
2026-09-25,VGK,88.6300
2026-09-25,VGSH,57.5900
2026-09-25,VGT,126.1700
2026-09-25,VIG,237.5800
2026-09-25,VNQ,90.9900
2026-09-25,VO,79.9900
2026-09-25,VONG,129.9500
2026-09-25,VOO,710.7900
2026-09-25,VOOG,86.1400
2026-09-25,VT,160.0300
2026-09-25,VTEB,47.4800
2026-09-25,VTI,379.7700
2026-09-25,VTV,220.8100
2026-09-25,VUG,90.9400
2026-09-25,VV,356.7600
2026-09-25,VWO,60.1600
2026-09-25,VXF,235.1500
2026-09-25,VXUS,86.3500
2026-09-25,VYM,157.6800
2026-09-25,XLE,62.0400
2026-09-25,XLF,54.8400
2026-09-25,XLI,170.4300
2026-09-25,XLK,196.2700
2026-09-25,XLV,170.7000
